parameter_pencemar_kritis,kategori,periode_data,bulan,tanggal,stasiun,pm_sepuluh,pm_duakomalima,sulfur_dioksida,karbon_monoksida,ozon,nitrogen_dioksida,max
PM25,SEDANG,202401,1,1,DKI5 Kebon Jeruk Jakarta Barat,58,99,40,18,55,12,99
PM25,SEDANG,202401,1,2,DKI5 Kebon Jeruk Jakarta Barat,40,68,40,9,65,11,68
O3,SEDANG,202401,1,3,DKI5 Kebon Jeruk Jakarta Barat,32,54,39,7,63,10,63
PM25,SEDANG,202401,1,4,DKI5 Kebon Jeruk Jakarta Barat,38,59,46,10,55,12,59
PM25,SEDANG,202401,1,5,DKI5 Kebon Jeruk Jakarta Barat,30,52,37,15,48,15,52
PM25,SEDANG,202401,1,6,DKI5 Kebon Jeruk Jakarta Barat,32,64,39,12,61,14,64
PM25,SEDANG,202401,1,7,DKI5 Kebon Jeruk Jakarta Barat,53,86,40,23,62,N/A,86
PM25,SEDANG,202401,1,8,DKI5 Kebon Jeruk Jakarta Barat,37,55,38,12,43,N/A,55
PM25,SEDANG,202401,1,9,DKI5 Kebon Jeruk Jakarta Barat,54,81,21,18,35,3,81
PM25,SEDANG,202401,1,10,DKI5 Kebon Jeruk Jakarta Barat,43,73,18,11,70,7,73
PM25,SEDANG,202401,1,11,DKI5 Kebon Jeruk Jakarta Barat,37,60,12,57,51,6,60
O3,BAIK,202401,1,12,DKI5 Kebon Jeruk Jakarta Barat,28,20,11,6,43,4,43
PM25,SEDANG,202401,1,13,DKI5 Kebon Jeruk Jakarta Barat,25,52,21,8,38,6,52
O3,SEDANG,202401,1,14,DKI5 Kebon Jeruk Jakarta Barat,30,50,19,8,58,6,58
PM25,SEDANG,202401,1,15,DKI5 Kebon Jeruk Jakarta Barat,51,81,24,11,55,11,81
PM25,BAIK,202401,1,16,DKI5 Kebon Jeruk Jakarta Barat,23,49,24,5,43,6,49
PM25,SEDANG,202401,1,17,DKI5 Kebon Jeruk Jakarta Barat,34,57,39,7,47,8,57
PM25,SEDANG,202401,1,18,DKI5 Kebon Jeruk Jakarta Barat,37,56,25,8,39,8,56
O3,BAIK,202401,1,19,DKI5 Kebon Jeruk Jakarta Barat,16,29,19,6,46,6,46
SO2,BAIK,202401,1,20,DKI5 Kebon Jeruk Jakarta Barat,17,28,33,7,23,6,33
PM25,SEDANG,202401,1,21,DKI5 Kebon Jeruk Jakarta Barat,26,51,37,10,18,5,51
SO2,BAIK,202401,1,22,DKI5 Kebon Jeruk Jakarta Barat,14,23,31,9,19,2,31
PM25,BAIK,202401,1,23,DKI5 Kebon Jeruk Jakarta Barat,17,40,31,9,17,3,40
PM25,BAIK,202401,1,24,DKI5 Kebon Jeruk Jakarta Barat,23,44,32,10,17,3,44
PM25,SEDANG,202401,1,25,DKI5 Kebon Jeruk Jakarta Barat,36,60,38,12,19,4,60
PM25,SEDANG,202401,1,26,DKI5 Kebon Jeruk Jakarta Barat,27,54,37,10,26,9,54
O3,BAIK,202401,1,27,DKI5 Kebon Jeruk Jakarta Barat,25,28,30,8,35,12,35
PM25,SEDANG,202401,1,28,DKI5 Kebon Jeruk Jakarta Barat,46,66,31,18,34,16,66
PM25,SEDANG,202401,1,29,DKI5 Kebon Jeruk Jakarta Barat,30,53,29,14,35,14,53
PM25,SEDANG,202401,1,30,DKI5 Kebon Jeruk Jakarta Barat,40,63,29,15,37,16,63
PM25,BAIK,202401,1,31,DKI5 Kebon Jeruk Jakarta Barat,22,49,33,9,40,17,49
PM25,SEDANG,202402,2,1,DKI5 Kebon Jeruk Jakarta Barat,51,82,34,17,33,22,82
PM25,SEDANG,202402,2,10,DKI5 Kebon Jeruk Jakarta Barat,33,60,28,6,46,11,60
PM25,SEDANG,202402,2,11,DKI5 Kebon Jeruk Jakarta Barat,46,69,26,14,31,13,69
PM25,SEDANG,202402,2,12,DKI5 Kebon Jeruk Jakarta Barat,30,54,24,11,37,12,54
PM25,SEDANG,202402,2,13,DKI5 Kebon Jeruk Jakarta Barat,31,54,22,9,39,12,54
O3,BAIK,202402,2,14,DKI5 Kebon Jeruk Jakarta Barat,N/A,37,21,9,45,11,45
PM25,SEDANG,202402,2,15,DKI5 Kebon Jeruk Jakarta Barat,32,58,24,11,38,15,58
PM25,SEDANG,202402,2,16,DKI5 Kebon Jeruk Jakarta Barat,53,78,23,18,39,26,78
PM25,SEDANG,202402,2,17,DKI5 Kebon Jeruk Jakarta Barat,43,67,22,12,32,18,67
PM25,SEDANG,202402,2,18,DKI5 Kebon Jeruk Jakarta Barat,31,57,23,11,35,16,57
PM25,SEDANG,202402,2,19,DKI5 Kebon Jeruk Jakarta Barat,49,81,22,19,31,23,81
PM25,SEDANG,202402,2,2,DKI5 Kebon Jeruk Jakarta Barat,47,68,26,18,28,9,68
PM25,SEDANG,202402,2,20,DKI5 Kebon Jeruk Jakarta Barat,40,69,22,10,36,13,69
O3,TIDAK SEHAT,202402,2,21,DKI5 Kebon Jeruk Jakarta Barat,55,94,20,12,115,18,115
PM25,SEDANG,202402,2,22,DKI5 Kebon Jeruk Jakarta Barat,53,76,21,8,72,14,76
O3,SEDANG,202402,2,23,DKI5 Kebon Jeruk Jakarta Barat,29,58,19,7,59,10,59
O3,SEDANG,202402,2,24,DKI5 Kebon Jeruk Jakarta Barat,28,53,24,9,59,8,59
PM25,BAIK,202402,2,25,DKI5 Kebon Jeruk Jakarta Barat,25,50,30,14,35,9,50
O3,BAIK,202402,2,26,DKI5 Kebon Jeruk Jakarta Barat,24,41,23,17,45,14,45
PM25,SEDANG,202402,2,27,DKI5 Kebon Jeruk Jakarta Barat,54,78,21,27,46,13,78
PM25,SEDANG,202402,2,28,DKI5 Kebon Jeruk Jakarta Barat,33,60,22,20,48,18,60
PM25,SEDANG,202402,2,29,DKI5 Kebon Jeruk Jakarta Barat,36,57,21,21,54,16,57
PM25,BAIK,202402,2,3,DKI5 Kebon Jeruk Jakarta Barat,24,48,25,12,29,10,48
O3,BAIK,202402,2,4,DKI5 Kebon Jeruk Jakarta Barat,17,24,23,7,27,4,27
PM25,SEDANG,202402,2,5,DKI5 Kebon Jeruk Jakarta Barat,35,68,24,15,32,12,68
PM25,SEDANG,202402,2,6,DKI5 Kebon Jeruk Jakarta Barat,59,74,25,16,38,14,74
PM25,SEDANG,202402,2,7,DKI5 Kebon Jeruk Jakarta Barat,31,52,27,11,25,8,52
PM25,SEDANG,202402,2,8,DKI5 Kebon Jeruk Jakarta Barat,40,66,25,11,28,8,66
PM25,SEDANG,202402,2,9,DKI5 Kebon Jeruk Jakarta Barat,45,77,37,12,41,18,77
PM25,SEDANG,202403,3,1,DKI5 Kebon Jeruk,52,82,21,29,50,13,82
PM25,SEDANG,202403,3,10,DKI5 Kebon Jeruk,56,92,25,36,48,18,92
PM25,SEDANG,202403,3,11,DKI5 Kebon Jeruk,42,60,20,24,57,9,60
PM25,SEDANG,202403,3,12,DKI5 Kebon Jeruk,30,56,21,15,51,10,56
PM25,SEDANG,202403,3,13,DKI5 Kebon Jeruk,40,64,22,17,53,13,64
PM25,SEDANG,202403,3,14,DKI5 Kebon Jeruk,35,61,21,18,57,16,61
PM25,BAIK,202403,3,15,DKI5 Kebon Jeruk,32,45,23,16,43,9,45
O3,BAIK,202403,3,16,DKI5 Kebon Jeruk,21,33,23,14,46,9,46
O3,BAIK,202403,3,17,DKI5 Kebon Jeruk,26,39,23,12,45,7,45
O3,BAIK,202403,3,18,DKI5 Kebon Jeruk,18,39,27,12,41,7,41
PM25,BAIK,202403,3,19,DKI5 Kebon Jeruk,21,50,23,14,34,6,50
PM25,SEDANG,202403,3,2,DKI5 Kebon Jeruk,41,69,23,21,54,21,69
PM25,SEDANG,202403,3,20,DKI5 Kebon Jeruk,23,54,22,15,22,5,54
PM25,SEDANG,202403,3,21,DKI5 Kebon Jeruk,40,65,27,16,31,7,65
O3,SEDANG,202403,3,22,DKI5 Kebon Jeruk,31,43,21,17,55,14,55
PM25,TIDAK SEHAT,202403,3,23,DKI5 Kebon Jeruk,59,108,23,39,59,19,108
PM25,SEDANG,202403,3,24,DKI5 Kebon Jeruk,54,83,25,19,74,16,83
O3,SEDANG,202403,3,25,DKI5 Kebon Jeruk,42,64,30,18,65,15,65
PM25,SEDANG,202403,3,26,DKI5 Kebon Jeruk,51,81,25,23,58,22,81
PM25,SEDANG,202403,3,27,DKI5 Kebon Jeruk,56,86,24,23,59,25,86
PM25,TIDAK SEHAT,202403,3,28,DKI5 Kebon Jeruk,63,109,27,26,61,22,109
PM25,TIDAK SEHAT,202403,3,29,DKI5 Kebon Jeruk,65,104,27,24,70,26,104
PM25,SEDANG,202403,3,3,DKI5 Kebon Jeruk,35,54,22,19,51,14,54
PM25,SEDANG,202403,3,30,DKI5 Kebon Jeruk,60,87,24,25,68,21,87
PM25,SEDANG,202403,3,31,DKI5 Kebon Jeruk,57,94,22,28,79,22,94
PM25,SEDANG,202403,3,4,DKI5 Kebon Jeruk,33,60,22,18,42,10,60
O3,BAIK,202403,3,5,DKI5 Kebon Jeruk,18,38,21,14,46,6,46
O3,BAIK,202403,3,6,DKI5 Kebon Jeruk,18,34,23,13,49,6,49
O3,BAIK,202403,3,7,DKI5 Kebon Jeruk,22,28,22,13,48,6,48
O3,BAIK,202403,3,8,DKI5 Kebon Jeruk,17,28,22,12,46,4,46
O3,BAIK,202403,3,9,DKI5 Kebon Jeruk,27,41,25,14,45,10,45
PM25,TIDAK SEHAT,202404,4,1,DKI5 Kebon Jeruk,64,104,22,30,76,28,104
PM25,SEDANG,202404,4,10,DKI5 Kebon Jeruk,57,85,24,25,62,17,85
O3,SEDANG,202404,4,11,DKI5 Kebon Jeruk,35,58,24,17,62,15,62
O3,SEDANG,202404,4,12,DKI5 Kebon Jeruk,25,51,22,14,74,8,74
O3,SEDANG,202404,4,13,DKI5 Kebon Jeruk,35,61,24,23,62,16,62
O3,SEDANG,202404,4,14,DKI5 Kebon Jeruk,28,55,22,15,79,8,79
O3,SEDANG,202404,4,15,DKI5 Kebon Jeruk,30,54,23,20,62,14,62
O3,SEDANG,202404,4,16,DKI5 Kebon Jeruk,23,53,25,17,60,11,60
O3,SEDANG,202404,4,17,DKI5 Kebon Jeruk,41,71,23,18,77,14,77
PM25,SEDANG,202404,4,18,DKI5 Kebon Jeruk,44,69,23,21,67,18,69
PM25,SEDANG,202404,4,19,DKI5 Kebon Jeruk,34,61,25,18,57,19,61
PM25,TIDAK SEHAT,202404,4,2,DKI5 Kebon Jeruk,72,120,23,35,69,32,120
PM25,SEDANG,202404,4,20,DKI5 Kebon Jeruk,57,90,27,25,59,19,90
PM10,SEDANG,202404,4,21,DKI5 Kebon Jeruk,68,60,23,20,67,15,68
PM25,SEDANG,202404,4,22,DKI5 Kebon Jeruk,56,85,24,26,56,22,85
PM25,SEDANG,202404,4,23,DKI5 Kebon Jeruk,52,78,23,22,61,20,78
PM25,SEDANG,202404,4,24,DKI5 Kebon Jeruk,52,78,25,21,70,20,78
O3,SEDANG,202404,4,25,DKI5 Kebon Jeruk,49,75,23,22,83,22,83
PM25,SEDANG,202404,4,26,DKI5 Kebon Jeruk,47,70,30,14,45,13,70
PM25,SEDANG,202404,4,27,DKI5 Kebon Jeruk,51,75,23,26,59,17,75
PM25,SEDANG,202404,4,28,DKI5 Kebon Jeruk,49,72,23,20,68,15,72
O3,SEDANG,202404,4,29,DKI5 Kebon Jeruk,44,66,24,17,72,12,72
PM25,SEDANG,202404,4,3,DKI5 Kebon Jeruk,58,95,24,24,74,27,95
PM25,SEDANG,202404,4,30,DKI5 Kebon Jeruk,47,75,24,18,73,17,75
PM25,SEDANG,202404,4,4,DKI5 Kebon Jeruk,51,77,24,28,62,24,77
PM25,TIDAK SEHAT,202404,4,5,DKI5 Kebon Jeruk,74,125,22,31,69,27,125
PM25,SEDANG,202404,4,6,DKI5 Kebon Jeruk,55,83,24,22,55,15,83
PM25,SEDANG,202404,4,7,DKI5 Kebon Jeruk,52,77,24,20,71,12,77
O3,SEDANG,202404,4,8,DKI5 Kebon Jeruk,45,73,25,18,77,13,77
PM25,SEDANG,202404,4,9,DKI5 Kebon Jeruk,41,68,27,15,60,10,68
PM25,SEDANG,202405,5,1,DKI5 Kebon Jeruk,41,64,23,17,64,13,64
PM25,SEDANG,202405,5,10,DKI5 Kebon Jeruk,54,80,26,16,61,12,80
PM25,SEDANG,202405,5,11,DKI5 Kebon Jeruk,52,82,25,17,65,14,82
PM25,SEDANG,202405,5,12,DKI5 Kebon Jeruk,56,87,25,23,53,16,87
PM25,SEDANG,202405,5,13,DKI5 Kebon Jeruk,45,72,24,16,59,11,72
PM25,TIDAK SEHAT,202405,5,14,DKI5 Kebon Jeruk,60,101,25,23,61,22,101
PM25,SEDANG,202405,5,15,DKI5 Kebon Jeruk,59,91,26,23,57,21,91
PM25,TIDAK SEHAT,202405,5,16,DKI5 Kebon Jeruk,61,101,28,19,62,20,101
PM25,SEDANG,202405,5,17,DKI5 Kebon Jeruk,57,90,28,17,58,17,90
PM25,TIDAK SEHAT,202405,5,18,DKI5 Kebon Jeruk,60,101,27,21,59,22,101
PM25,SEDANG,202405,5,19,DKI5 Kebon Jeruk,58,95,26,20,58,15,95
PM25,SEDANG,202405,5,2,DKI5 Kebon Jeruk,53,81,23,17,62,13,81
PM25,SEDANG,202405,5,20,DKI5 Kebon Jeruk,57,96,27,20,63,17,96
PM25,TIDAK SEHAT,202405,5,21,DKI5 Kebon Jeruk,62,101,29,21,65,21,101
PM25,TIDAK SEHAT,202405,5,22,DKI5 Kebon Jeruk,68,108,28,21,66,21,108
PM25,SEDANG,202405,5,23,DKI5 Kebon Jeruk,66,80,24,20,60,17,80
PM25,SEDANG,202405,5,24,DKI5 Kebon Jeruk,57,83,24,22,57,20,83
O3,SEDANG,202405,5,25,DKI5 Kebon Jeruk,29,53,25,18,57,17,57
PM25,SEDANG,202405,5,26,DKI5 Kebon Jeruk,62,94,31,26,57,22,94
PM25,SEDANG,202405,5,27,DKI5 Kebon Jeruk,60,95,30,22,65,20,95
PM25,TIDAK SEHAT,202405,5,28,DKI5 Kebon Jeruk,66,110,27,26,64,26,110
PM25,SEDANG,202405,5,29,DKI5 Kebon Jeruk,56,87,26,17,62,14,87
PM25,SEDANG,202405,5,3,DKI5 Kebon Jeruk,58,95,24,18,75,17,95
PM25,SEDANG,202405,5,30,DKI5 Kebon Jeruk,54,95,28,18,66,19,95
PM25,TIDAK SEHAT,202405,5,31,DKI5 Kebon Jeruk,62,111,28,21,69,22,111
PM25,SEDANG,202405,5,4,DKI5 Kebon Jeruk,62,97,26,22,57,27,97
PM25,SEDANG,202405,5,5,DKI5 Kebon Jeruk,60,97,26,23,58,21,97
PM25,SEDANG,202405,5,6,DKI5 Kebon Jeruk,56,86,26,18,60,17,86
PM25,TIDAK SEHAT,202405,5,7,DKI5 Kebon Jeruk,68,111,28,21,54,26,111
PM25,TIDAK SEHAT,202405,5,8,DKI5 Kebon Jeruk,65,107,28,20,58,23,107
PM25,TIDAK SEHAT,202405,5,9,DKI5 Kebon Jeruk,66,109,28,22,60,20,109
PM25,TIDAK SEHAT,202406,6,1,DKI5 Kebon Jeruk,70,124,28,25,67,26,124
PM25,TIDAK SEHAT,202406,6,10,DKI5 Kebon Jeruk,60,104,28,27,61,25,104
PM25,SEDANG,202406,6,11,DKI5 Kebon Jeruk,53,88,27,20,73,18,88
PM25,SEDANG,202406,6,12,DKI5 Kebon Jeruk,56,92,26,27,66,27,92
PM25,SEDANG,202406,6,13,DKI5 Kebon Jeruk,44,70,29,21,45,19,70
PM25,SEDANG,202406,6,14,DKI5 Kebon Jeruk,39,69,33,19,53,18,69
PM25,SEDANG,202406,6,15,DKI5 Kebon Jeruk,46,77,29,23,46,22,77
PM25,SEDANG,202406,6,16,DKI5 Kebon Jeruk,44,74,28,23,63,23,74
PM25,SEDANG,202406,6,17,DKI5 Kebon Jeruk,47,77,28,20,53,14,77
PM25,TIDAK SEHAT,202406,6,18,DKI5 Kebon Jeruk,67,124,29,25,52,14,124
PM25,TIDAK SEHAT,202406,6,19,DKI5 Kebon Jeruk,67,112,30,29,48,22,112
PM25,TIDAK SEHAT,202406,6,2,DKI5 Kebon Jeruk,66,112,27,24,70,21,112
PM25,SEDANG,202406,6,20,DKI5 Kebon Jeruk,54,88,32,19,48,18,88
PM25,TIDAK SEHAT,202406,6,21,DKI5 Kebon Jeruk,64,110,34,23,38,24,110
PM25,TIDAK SEHAT,202406,6,22,DKI5 Kebon Jeruk,63,105,32,22,51,19,105
PM25,SEDANG,202406,6,23,DKI5 Kebon Jeruk,61,97,34,21,35,16,97
PM25,TIDAK SEHAT,202406,6,24,DKI5 Kebon Jeruk,60,103,33,22,39,20,103
PM25,SEDANG,202406,6,25,DKI5 Kebon Jeruk,58,91,35,21,39,18,91
PM25,SEDANG,202406,6,26,DKI5 Kebon Jeruk,55,84,31,29,29,13,84
PM25,SEDANG,202406,6,27,DKI5 Kebon Jeruk,47,74,34,18,41,16,74
PM25,SEDANG,202406,6,28,DKI5 Kebon Jeruk,46,70,35,24,45,19,70
PM25,SEDANG,202406,6,29,DKI5 Kebon Jeruk,55,87,30,30,46,14,87
O3,SEDANG,202406,6,3,DKI5 Kebon Jeruk,43,66,24,18,76,16,76
PM25,SEDANG,202406,6,30,DKI5 Kebon Jeruk,38,66,31,22,35,16,66
PM25,SEDANG,202406,6,4,DKI5 Kebon Jeruk,58,100,24,28,71,25,100
PM25,TIDAK SEHAT,202406,6,5,DKI5 Kebon Jeruk,74,128,25,31,71,31,128
PM25,SEDANG,202406,6,6,DKI5 Kebon Jeruk,52,84,29,18,50,18,84
PM25,TIDAK SEHAT,202406,6,7,DKI5 Kebon Jeruk,60,103,27,21,68,22,103
PM25,TIDAK SEHAT,202406,6,8,DKI5 Kebon Jeruk,63,109,30,24,58,22,109
PM25,SEDANG,202406,6,9,DKI5 Kebon Jeruk,60,99,28,20,72,19,99
PM25,SEDANG,202407,7,1,DKI5 Kebon Jeruk,N/A,94,34,21,44,17,94
PM25,SEDANG,202407,7,10,DKI5 Kebon Jeruk,N/A,77,35,18,44,15,77
PM25,TIDAK SEHAT,202407,7,11,DKI5 Kebon Jeruk,66,117,33,27,25,23,117
PM25,SEDANG,202407,7,12,DKI5 Kebon Jeruk,53,96,34,22,36,20,96
PM25,TIDAK SEHAT,202407,7,13,DKI5 Kebon Jeruk,65,112,34,29,25,32,112
PM25,TIDAK SEHAT,202407,7,14,DKI5 Kebon Jeruk,59,104,33,25,27,23,104
PM25,SEDANG,202407,7,15,DKI5 Kebon Jeruk,52,89,35,22,31,20,89
PM25,SEDANG,202407,7,16,DKI5 Kebon Jeruk,53,99,34,24,37,24,99
PM25,SEDANG,202407,7,17,DKI5 Kebon Jeruk,57,99,35,25,27,25,99
PM25,SEDANG,202407,7,18,DKI5 Kebon Jeruk,52,89,37,20,36,17,89
PM25,SEDANG,202407,7,19,DKI5 Kebon Jeruk,47,93,34,20,53,15,93
PM25,SEDANG,202407,7,2,DKI5 Kebon Jeruk,48,74,28,19,45,16,74
PM25,SEDANG,202407,7,20,DKI5 Kebon Jeruk,51,91,35,19,54,17,91
PM25,SEDANG,202407,7,21,DKI5 Kebon Jeruk,45,88,33,18,58,13,88
PM25,SEDANG,202407,7,22,DKI5 Kebon Jeruk,39,82,32,18,61,13,82
PM25,SEDANG,202407,7,23,DKI5 Kebon Jeruk,47,85,35,18,52,14,85
PM25,SEDANG,202407,7,24,DKI5 Kebon Jeruk,53,95,38,19,41,16,95
PM25,SEDANG,202407,7,25,DKI5 Kebon Jeruk,44,84,34,19,47,15,84
PM25,SEDANG,202407,7,26,DKI5 Kebon Jeruk,53,90,34,20,37,16,90
PM25,SEDANG,202407,7,27,DKI5 Kebon Jeruk,52,91,36,19,44,16,91
PM25,TIDAK SEHAT,202407,7,28,DKI5 Kebon Jeruk,55,104,34,20,54,14,104
PM25,SEDANG,202407,7,29,DKI5 Kebon Jeruk,44,94,34,20,46,15,94
PM25,TIDAK SEHAT,202407,7,3,DKI5 Kebon Jeruk,N/A,121,31,33,43,25,121
PM25,TIDAK SEHAT,202407,7,30,DKI5 Kebon Jeruk,53,102,33,21,39,19,102
PM25,TIDAK SEHAT,202407,7,31,DKI5 Kebon Jeruk,59,112,34,22,42,22,112
PM25,SEDANG,202407,7,4,DKI5 Kebon Jeruk,N/A,84,30,29,N/A,25,84
PM25,SEDANG,202407,7,5,DKI5 Kebon Jeruk,N/A,78,38,24,23,27,78
PM25,BAIK,202407,7,6,DKI5 Kebon Jeruk,N/A,43,33,20,17,16,43
PM25,BAIK,202407,7,7,DKI5 Kebon Jeruk,N/A,45,32,24,19,13,45
PM25,SEDANG,202407,7,8,DKI5 Kebon Jeruk,N/A,60,34,22,31,14,60
PM25,SEDANG,202407,7,9,DKI5 Kebon Jeruk,N/A,66,30,22,36,23,66
PM25,TIDAK SEHAT,202408,8,1,DKI5 Kebon Jeruk,57,107,32,20,55,15,107
PM25,SEDANG,202408,8,10,DKI5 Kebon Jeruk,43,89,35,18,43,15,89
PM25,SEDANG,202408,8,11,DKI5 Kebon Jeruk,43,85,32,17,51,10,85
PM25,SEDANG,202408,8,12,DKI5 Kebon Jeruk,36,86,33,18,42,11,86
PM25,TIDAK SEHAT,202408,8,13,DKI5 Kebon Jeruk,59,110,36,23,32,23,110
PM25,TIDAK SEHAT,202408,8,14,DKI5 Kebon Jeruk,58,109,36,22,40,21,109
PM25,SEDANG,202408,8,15,DKI5 Kebon Jeruk,48,100,35,21,50,18,100
PM25,TIDAK SEHAT,202408,8,16,DKI5 Kebon Jeruk,55,103,35,22,45,19,103
PM25,TIDAK SEHAT,202408,8,17,DKI5 Kebon Jeruk,51,107,37,22,51,21,107
PM25,TIDAK SEHAT,202408,8,18,DKI5 Kebon Jeruk,55,107,34,21,50,16,107
PM25,SEDANG,202408,8,19,DKI5 Kebon Jeruk,46,94,33,19,57,15,94
PM25,SEDANG,202408,8,2,DKI5 Kebon Jeruk,54,90,32,21,53,16,90
PM25,TIDAK SEHAT,202408,8,20,DKI5 Kebon Jeruk,62,115,33,22,52,18,115
PM25,TIDAK SEHAT,202408,8,21,DKI5 Kebon Jeruk,64,118,35,21,54,18,118
PM25,SEDANG,202408,8,22,DKI5 Kebon Jeruk,47,87,39,18,48,15,87
PM25,SEDANG,202408,8,23,DKI5 Kebon Jeruk,46,79,33,17,67,12,79
PM25,TIDAK SEHAT,202408,8,24,DKI5 Kebon Jeruk,54,101,35,19,47,16,101
PM25,SEDANG,202408,8,25,DKI5 Kebon Jeruk,52,93,34,18,50,11,93
PM25,TIDAK SEHAT,202408,8,26,DKI5 Kebon Jeruk,54,102,35,21,40,17,102
PM25,TIDAK SEHAT,202408,8,27,DKI5 Kebon Jeruk,65,116,36,22,58,18,116
PM25,SEDANG,202408,8,28,DKI5 Kebon Jeruk,50,87,36,20,46,17,87
PM25,TIDAK SEHAT,202408,8,29,DKI5 Kebon Jeruk,59,107,37,20,62,16,107
PM25,SEDANG,202408,8,3,DKI5 Kebon Jeruk,36,70,32,21,48,18,70
PM25,TIDAK SEHAT,202408,8,30,DKI5 Kebon Jeruk,65,127,36,23,47,21,127
PM25,SEDANG,202408,8,31,DKI5 Kebon Jeruk,42,80,35,18,41,13,80
PM25,SEDANG,202408,8,4,DKI5 Kebon Jeruk,51,82,31,26,48,20,82
PM25,SEDANG,202408,8,5,DKI5 Kebon Jeruk,51,84,33,19,47,15,84
PM25,SEDANG,202408,8,6,DKI5 Kebon Jeruk,45,81,36,19,43,17,81
PM25,TIDAK SEHAT,202408,8,7,DKI5 Kebon Jeruk,53,101,33,20,44,18,101
PM25,TIDAK SEHAT,202408,8,8,DKI5 Kebon Jeruk,64,118,35,24,32,24,118
PM25,SEDANG,202408,8,9,DKI5 Kebon Jeruk,52,97,35,20,39,15,97
PM25,SEDANG,202409,9,1,DKI5 Kebon Jeruk,49,93,34,20,46,12,93
PM25,SEDANG,202409,9,10,DKI5 Kebon Jeruk,38,76,33,24,36,17,76
PM25,SEDANG,202409,9,11,DKI5 Kebon Jeruk,26,68,34,19,28,18,68
PM25,TIDAK SEHAT,202409,9,12,DKI5 Kebon Jeruk,23,103,39,20,54,15,103
PM25,SEDANG,202409,9,13,DKI5 Kebon Jeruk,38,81,34,21,49,18,81
PM25,SEDANG,202409,9,14,DKI5 Kebon Jeruk,34,88,34,19,49,16,88
PM25,SEDANG,202409,9,15,DKI5 Kebon Jeruk,28,87,35,20,45,13,87
PM25,SEDANG,202409,9,16,DKI5 Kebon Jeruk,26,93,36,20,44,14,93
PM25,SEDANG,202409,9,17,DKI5 Kebon Jeruk,33,86,39,19,47,14,86
PM25,SEDANG,202409,9,18,DKI5 Kebon Jeruk,39,79,38,18,42,13,79
PM25,SEDANG,202409,9,19,DKI5 Kebon Jeruk,30,88,40,19,40,14,88
PM25,SEDANG,202409,9,2,DKI5 Kebon Jeruk,37,85,34,17,67,12,85
PM25,SEDANG,202409,9,20,DKI5 Kebon Jeruk,22,88,38,20,47,16,88
PM25,SEDANG,202409,9,21,DKI5 Kebon Jeruk,37,98,38,19,57,14,98
PM25,TIDAK SEHAT,202409,9,22,DKI5 Kebon Jeruk,30,109,39,20,62,14,109
PM25,SEDANG,202409,9,23,DKI5 Kebon Jeruk,21,92,37,19,55,14,92
PM25,SEDANG,202409,9,24,DKI5 Kebon Jeruk,37,85,37,21,42,18,85
PM25,TIDAK SEHAT,202409,9,25,DKI5 Kebon Jeruk,47,109,35,28,44,24,109
PM25,SEDANG,202409,9,26,DKI5 Kebon Jeruk,35,79,35,26,42,21,79
PM25,SEDANG,202409,9,27,DKI5 Kebon Jeruk,27,80,35,23,42,21,80
PM25,SEDANG,202409,9,28,DKI5 Kebon Jeruk,30,99,36,22,47,20,99
PM25,SEDANG,202409,9,29,DKI5 Kebon Jeruk,29,95,36,22,40,N/A,95
PM25,SEDANG,202409,9,3,DKI5 Kebon Jeruk,45,89,32,20,43,17,89
PM25,SEDANG,202409,9,30,DKI5 Kebon Jeruk,18,79,38,20,35,14,79
PM25,SEDANG,202409,9,4,DKI5 Kebon Jeruk,40,84,34,18,41,13,84
PM25,SEDANG,202409,9,5,DKI5 Kebon Jeruk,37,81,35,18,43,12,81
PM25,SEDANG,202409,9,6,DKI5 Kebon Jeruk,26,86,36,20,40,17,86
PM25,SEDANG,202409,9,7,DKI5 Kebon Jeruk,30,80,35,17,47,10,80
PM25,SEDANG,202409,9,8,DKI5 Kebon Jeruk,28,79,35,18,40,11,79
PM25,SEDANG,202409,9,9,DKI5 Kebon Jeruk,17,65,34,17,48,9,65
PM25,TIDAK SEHAT,202410,10,1,DKI5 Kebon Jeruk,33,103,37,22,51,17,103
PM25,SEDANG,202410,10,10,DKI5 Kebon Jeruk,32,92,38,20,52,14,92
PM25,TIDAK SEHAT,202410,10,11,DKI5 Kebon Jeruk,20,102,39,23,44,20,102
PM25,SEDANG,202410,10,12,DKI5 Kebon Jeruk,21,92,39,20,48,16,92
PM25,TIDAK SEHAT,202410,10,13,DKI5 Kebon Jeruk,N/A,111,41,21,51,14,111
PM25,TIDAK SEHAT,202410,10,14,DKI5 Kebon Jeruk,68,113,38,22,48,17,113
PM25,SEDANG,202410,10,15,DKI5 Kebon Jeruk,34,84,39,19,61,12,84
PM25,TIDAK SEHAT,202410,10,16,DKI5 Kebon Jeruk,32,111,40,22,59,18,111
PM25,SEDANG,202410,10,17,DKI5 Kebon Jeruk,53,75,39,20,43,16,75
PM25,SEDANG,202410,10,18,DKI5 Kebon Jeruk,47,73,38,19,49,12,73
PM25,SEDANG,202410,10,19,DKI5 Kebon Jeruk,61,93,42,21,51,15,93
PM25,SEDANG,202410,10,2,DKI5 Kebon Jeruk,25,90,37,20,54,16,90
PM25,SEDANG,202410,10,20,DKI5 Kebon Jeruk,55,84,40,18,33,11,84
PM25,SEDANG,202410,10,21,DKI5 Kebon Jeruk,38,81,39,19,36,11,81
PM25,SEDANG,202410,10,22,DKI5 Kebon Jeruk,54,92,40,21,43,17,92
PM25,SEDANG,202410,10,23,DKI5 Kebon Jeruk,52,87,42,19,59,13,87
PM25,SEDANG,202410,10,24,DKI5 Kebon Jeruk,43,79,40,17,55,11,79
PM25,SEDANG,202410,10,25,DKI5 Kebon Jeruk,50,82,39,20,59,17,82
PM25,SEDANG,202410,10,26,DKI5 Kebon Jeruk,50,78,39,21,44,16,78
PM25,SEDANG,202410,10,27,DKI5 Kebon Jeruk,48,75,45,17,42,10,75
PM25,SEDANG,202410,10,28,DKI5 Kebon Jeruk,42,79,40,18,52,10,79
PM25,SEDANG,202410,10,29,DKI5 Kebon Jeruk,51,83,40,19,48,16,83
PM25,SEDANG,202410,10,3,DKI5 Kebon Jeruk,25,95,38,22,49,17,95
PM25,SEDANG,202410,10,30,DKI5 Kebon Jeruk,56,99,40,20,58,14,99
PM25,SEDANG,202410,10,31,DKI5 Kebon Jeruk,55,89,41,20,52,15,89
PM25,SEDANG,202410,10,4,DKI5 Kebon Jeruk,30,94,38,22,46,16,94
PM25,SEDANG,202410,10,5,DKI5 Kebon Jeruk,22,80,37,21,44,18,80
PM25,SEDANG,202410,10,6,DKI5 Kebon Jeruk,19,76,36,21,49,15,76
PM25,TIDAK SEHAT,202410,10,7,DKI5 Kebon Jeruk,35,121,38,27,46,19,121
PM25,SEDANG,202410,10,8,DKI5 Kebon Jeruk,25,84,39,21,39,17,84
PM25,SEDANG,202410,10,9,DKI5 Kebon Jeruk,24,82,37,20,52,13,82
PM25,TIDAK SEHAT,202411,11,1,DKI5 Kebon Jeruk,66,105,40,22,49,19,105
O3,BAIK,202411,11,10,DKI5 Kebon Jeruk,N/A,N/A,38,23,49,17,49
O3,SEDANG,202411,11,11,DKI5 Kebon Jeruk,N/A,N/A,38,25,56,17,56
PM25,SEDANG,202411,11,12,DKI5 Kebon Jeruk,N/A,68,39,24,33,17,68
PM25,TIDAK SEHAT,202411,11,13,DKI5 Kebon Jeruk,N/A,113,41,32,39,14,113
PM25,TIDAK SEHAT,202411,11,14,DKI5 Kebon Jeruk,N/A,124,45,24,57,13,124
PM25,TIDAK SEHAT,202411,11,15,DKI5 Kebon Jeruk,N/A,133,50,21,44,17,133
PM25,TIDAK SEHAT,202411,11,16,DKI5 Kebon Jeruk,N/A,141,45,19,61,14,141
PM25,TIDAK SEHAT,202411,11,17,DKI5 Kebon Jeruk,N/A,157,41,33,55,19,157
PM25,SEDANG,202411,11,18,DKI5 Kebon Jeruk,N/A,87,40,17,51,13,87
PM25,SEDANG,202411,11,19,DKI5 Kebon Jeruk,N/A,86,41,21,38,13,86
PM25,SEDANG,202411,11,2,DKI5 Kebon Jeruk,60,97,41,22,44,18,97
PM25,SEDANG,202411,11,20,DKI5 Kebon Jeruk,N/A,73,41,22,49,17,73
SO2,BAIK,202411,11,21,DKI5 Kebon Jeruk,N/A,N/A,45,20,38,16,45
PM25,SEDANG,202411,11,22,DKI5 Kebon Jeruk,N/A,71,44,17,33,10,71
SO2,BAIK,202411,11,23,DKI5 Kebon Jeruk,N/A,N/A,41,18,36,11,41
SO2,BAIK,202411,11,24,DKI5 Kebon Jeruk,N/A,N/A,40,16,30,7,40
SO2,BAIK,202411,11,25,DKI5 Kebon Jeruk,N/A,N/A,42,19,31,7,42
PM25,SEDANG,202411,11,26,DKI5 Kebon Jeruk,N/A,53,42,20,35,8,53
PM25,SEDANG,202411,11,27,DKI5 Kebon Jeruk,N/A,56,44,19,28,12,56
SO2,BAIK,202411,11,28,DKI5 Kebon Jeruk,N/A,38,39,18,27,9,39
PM25,BAIK,202411,11,29,DKI5 Kebon Jeruk,N/A,41,40,17,16,9,41
PM25,SEDANG,202411,11,3,DKI5 Kebon Jeruk,53,81,39,26,36,18,81
SO2,BAIK,202411,11,30,DKI5 Kebon Jeruk,N/A,24,40,15,15,5,40
PM25,SEDANG,202411,11,4,DKI5 Kebon Jeruk,52,67,38,24,38,19,67
PM25,SEDANG,202411,11,5,DKI5 Kebon Jeruk,N/A,85,39,21,51,19,85
PM25,SEDANG,202411,11,6,DKI5 Kebon Jeruk,N/A,78,38,22,44,19,78
PM25,TIDAK SEHAT,202411,11,7,DKI5 Kebon Jeruk,N/A,108,41,23,58,15,108
PM25,TIDAK SEHAT,202411,11,8,DKI5 Kebon Jeruk,N/A,109,39,22,53,16,109
O3,SEDANG,202411,11,9,DKI5 Kebon Jeruk,N/A,N/A,44,21,62,15,62
SO2,BAIK,202412,12,1,DKI5 Kebon Jeruk Jakarta Barat,N/A,26,39,15,16,4,39
PM25,BAIK,202412,12,10,DKI5 Kebon Jeruk Jakarta Barat,N/A,43,40,21,24,8,43
SO2,BAIK,202412,12,11,DKI5 Kebon Jeruk Jakarta Barat,N/A,33,42,15,26,4,42
SO2,BAIK,202412,12,12,DKI5 Kebon Jeruk Jakarta Barat,N/A,25,42,15,21,4,42
SO2,BAIK,202412,12,13,DKI5 Kebon Jeruk Jakarta Barat,N/A,36,45,15,17,6,45
SO2,BAIK,202412,12,14,DKI5 Kebon Jeruk Jakarta Barat,N/A,31,42,15,20,4,42
SO2,BAIK,202412,12,15,DKI5 Kebon Jeruk Jakarta Barat,N/A,34,44,16,22,5,44
SO2,BAIK,202412,12,16,DKI5 Kebon Jeruk Jakarta Barat,N/A,35,42,16,30,6,42
SO2,BAIK,202412,12,17,DKI5 Kebon Jeruk Jakarta Barat,N/A,37,42,16,34,7,42
PM25,BAIK,202412,12,18,DKI5 Kebon Jeruk Jakarta Barat,N/A,29,18,15,29,5,29
SO2,SEDANG,202412,12,19,DKI5 Kebon Jeruk Jakarta Barat,N/A,20,51,4,29,5,51
SO2,BAIK,202412,12,2,DKI5 Kebon Jeruk Jakarta Barat,N/A,22,39,15,19,3,39
PM25,BAIK,202412,12,20,DKI5 Kebon Jeruk Jakarta Barat,N/A,36,15,7,31,6,36
PM25,BAIK,202412,12,21,DKI5 Kebon Jeruk Jakarta Barat,N/A,38,17,6,35,8,38
O3,BAIK,202412,12,22,DKI5 Kebon Jeruk Jakarta Barat,N/A,38,14,7,41,12,41
O3,BAIK,202412,12,23,DKI5 Kebon Jeruk Jakarta Barat,N/A,35,3,8,43,12,43
PM25,SEDANG,202412,12,24,DKI5 Kebon Jeruk Jakarta Barat,N/A,51,10,11,39,12,51
PM25,BAIK,202412,12,25,DKI5 Kebon Jeruk Jakarta Barat,N/A,43,9,7,33,9,43
PM25,SEDANG,202412,12,26,DKI5 Kebon Jeruk Jakarta Barat,N/A,51,7,10,24,11,51
PM25,SEDANG,202412,12,27,DKI5 Kebon Jeruk Jakarta Barat,N/A,55,27,9,30,12,55
PM25,BAIK,202412,12,28,DKI5 Kebon Jeruk Jakarta Barat,N/A,40,26,6,30,12,40
PM25,SEDANG,202412,12,29,DKI5 Kebon Jeruk Jakarta Barat,N/A,51,32,8,28,11,51
SO2,BAIK,202412,12,3,DKI5 Kebon Jeruk Jakarta Barat,N/A,18,39,14,21,3,39
O3,BAIK,202412,12,30,DKI5 Kebon Jeruk Jakarta Barat,N/A,34,9,5,38,8,38
PM25,BAIK,202412,12,31,DKI5 Kebon Jeruk Jakarta Barat,N/A,26,9,3,26,3,26
SO2,BAIK,202412,12,4,DKI5 Kebon Jeruk Jakarta Barat,N/A,23,42,15,22,6,42
SO2,BAIK,202412,12,5,DKI5 Kebon Jeruk Jakarta Barat,N/A,22,41,15,28,5,41
SO2,BAIK,202412,12,6,DKI5 Kebon Jeruk Jakarta Barat,N/A,31,45,16,27,8,45
PM25,SEDANG,202412,12,7,DKI5 Kebon Jeruk Jakarta Barat,N/A,67,44,41,33,15,67
PM25,BAIK,202412,12,8,DKI5 Kebon Jeruk Jakarta Barat,N/A,48,40,24,41,12,48
PM25,BAIK,202412,12,9,DKI5 Kebon Jeruk Jakarta Barat,N/A,50,43,19,39,12,50
PM25,BAIK,202501,1,1,DKI5 Kebon Jeruk Jakarta Barat,N/A,48,12,6,26,7,48
PM25,SEDANG,202501,1,10,DKI5 Kebon Jeruk Jakarta Barat,20,74,12,13,29,15,74
PM25,SEDANG,202501,1,11,DKI5 Kebon Jeruk Jakarta Barat,19,60,10,6,36,10,60
PM25,SEDANG,202501,1,12,DKI5 Kebon Jeruk Jakarta Barat,14,56,14,5,25,9,56
PM25,BAIK,202501,1,13,DKI5 Kebon Jeruk Jakarta Barat,10,35,8,5,21,5,35
PM25,BAIK,202501,1,14,DKI5 Kebon Jeruk Jakarta Barat,12,33,17,5,24,6,33
PM25,BAIK,202501,1,15,DKI5 Kebon Jeruk Jakarta Barat,15,49,13,6,20,4,49
PM25,SEDANG,202501,1,16,DKI5 Kebon Jeruk Jakarta Barat,11,54,21,5,42,4,54
PM25,SEDANG,202501,1,17,DKI5 Kebon Jeruk Jakarta Barat,11,54,26,4,50,5,54
O3,SEDANG,202501,1,18,DKI5 Kebon Jeruk Jakarta Barat,7,25,11,3,55,N/A,55
O3,BAIK,202501,1,19,DKI5 Kebon Jeruk Jakarta Barat,11,37,24,3,49,3,49
O3,BAIK,202501,1,2,DKI5 Kebon Jeruk Jakarta Barat,N/A,26,13,4,28,4,28
O3,SEDANG,202501,1,20,DKI5 Kebon Jeruk Jakarta Barat,10,43,18,3,52,5,52
PM25,SEDANG,202501,1,21,DKI5 Kebon Jeruk Jakarta Barat,15,54,3,12,38,13,54
PM25,SEDANG,202501,1,22,DKI5 Kebon Jeruk Jakarta Barat,15,53,16,10,26,14,53
PM25,SEDANG,202501,1,23,DKI5 Kebon Jeruk Jakarta Barat,16,66,28,7,28,15,66
PM25,SEDANG,202501,1,24,DKI5 Kebon Jeruk Jakarta Barat,17,74,25,13,25,13,74
PM25,SEDANG,202501,1,25,DKI5 Kebon Jeruk Jakarta Barat,16,64,22,10,24,9,64
PM25,SEDANG,202501,1,26,DKI5 Kebon Jeruk Jakarta Barat,17,62,34,8,21,9,62
PM25,SEDANG,202501,1,27,DKI5 Kebon Jeruk Jakarta Barat,10,54,24,3,13,8,54
PM25,BAIK,202501,1,28,DKI5 Kebon Jeruk Jakarta Barat,8,32,22,3,20,7,32
PM25,BAIK,202501,1,29,DKI5 Kebon Jeruk Jakarta Barat,11,32,15,6,25,14,32
PM25,BAIK,202501,1,3,DKI5 Kebon Jeruk Jakarta Barat,N/A,46,22,8,26,8,46
O3,BAIK,202501,1,30,DKI5 Kebon Jeruk Jakarta Barat,8,24,13,4,28,8,28
PM25,SEDANG,202501,1,31,DKI5 Kebon Jeruk Jakarta Barat,10,51,14,7,26,13,51
PM25,BAIK,202501,1,4,DKI5 Kebon Jeruk Jakarta Barat,N/A,33,25,4,28,8,33
PM25,BAIK,202501,1,5,DKI5 Kebon Jeruk Jakarta Barat,N/A,26,4,4,16,N/A,26
PM25,BAIK,202501,1,6,DKI5 Kebon Jeruk Jakarta Barat,N/A,46,15,8,17,N/A,46
PM25,BAIK,202501,1,7,DKI5 Kebon Jeruk Jakarta Barat,9,43,21,4,20,4,43
PM25,BAIK,202501,1,8,DKI5 Kebon Jeruk Jakarta Barat,10,35,12,4,22,5,35
O3,BAIK,202501,1,9,DKI5 Kebon Jeruk Jakarta Barat,14,29,3,6,31,7,31
PM25,BAIK,202502,2,1,DKI5 Kebon Jeruk Jakarta Barat,12,50,15,5,31,12,50
PM10,SEDANG,202502,2,10,DKI5 Kebon Jeruk Jakarta Barat,51,50,15,7,33,10,51
PM10,SEDANG,202502,2,11,DKI5 Kebon Jeruk Jakarta Barat,52,47,15,7,38,9,52
PM25,SEDANG,202502,2,12,DKI5 Kebon Jeruk Jakarta Barat,18,78,26,9,34,13,78
PM25,SEDANG,202502,2,13,DKI5 Kebon Jeruk Jakarta Barat,19,77,25,10,28,10,77
PM25,SEDANG,202502,2,14,DKI5 Kebon Jeruk Jakarta Barat,11,59,23,5,14,5,59
PM25,SEDANG,202502,2,15,DKI5 Kebon Jeruk Jakarta Barat,10,53,21,4,17,5,53
PM25,SEDANG,202502,2,16,DKI5 Kebon Jeruk Jakarta Barat,17,64,27,7,21,7,64
PM25,SEDANG,202502,2,17,DKI5 Kebon Jeruk Jakarta Barat,14,59,24,11,24,5,59
PM25,SEDANG,202502,2,18,DKI5 Kebon Jeruk Jakarta Barat,14,69,30,15,21,7,69
PM25,SEDANG,202502,2,19,DKI5 Kebon Jeruk Jakarta Barat,24,92,24,18,23,6,92
O3,BAIK,202502,2,2,DKI5 Kebon Jeruk Jakarta Barat,13,41,13,5,44,8,44
PM25,SEDANG,202502,2,20,DKI5 Kebon Jeruk Jakarta Barat,16,51,31,8,20,6,51
PM10,BAIK,202502,2,21,DKI5 Kebon Jeruk Jakarta Barat,14,N/A,N/A,N/A,N/A,N/A,14
PM25,SEDANG,202502,2,22,DKI5 Kebon Jeruk Jakarta Barat,17,59,48,7,15,5,59
PM25,SEDANG,202502,2,23,DKI5 Kebon Jeruk Jakarta Barat,35,78,42,13,16,5,78
PM25,SEDANG,202502,2,24,DKI5 Kebon Jeruk Jakarta Barat,14,66,18,11,35,5,66
PM25,SEDANG,202502,2,25,DKI5 Kebon Jeruk Jakarta Barat,18,75,28,13,25,4,75
PM25,SEDANG,202502,2,26,DKI5 Kebon Jeruk Jakarta Barat,16,60,29,10,24,6,60
PM25,TIDAK SEHAT,202502,2,27,DKI5 Kebon Jeruk Jakarta Barat,29,111,24,21,34,8,111
PM25,SEDANG,202502,2,28,DKI5 Kebon Jeruk Jakarta Barat,20,71,24,9,31,6,71
PM25,BAIK,202502,2,3,DKI5 Kebon Jeruk Jakarta Barat,11,50,13,5,46,10,50
PM25,SEDANG,202502,2,4,DKI5 Kebon Jeruk Jakarta Barat,19,83,22,10,33,13,83
PM25,BAIK,202502,2,5,DKI5 Kebon Jeruk Jakarta Barat,19,40,24,5,27,10,40
PM25,SEDANG,202502,2,6,DKI5 Kebon Jeruk Jakarta Barat,15,51,22,6,28,10,51
PM25,BAIK,202502,2,7,DKI5 Kebon Jeruk Jakarta Barat,11,36,14,7,34,9,36
PM25,BAIK,202502,2,8,DKI5 Kebon Jeruk Jakarta Barat,24,41,17,7,29,13,41
PM25,BAIK,202502,2,9,DKI5 Kebon Jeruk Jakarta Barat,12,41,19,6,30,10,41
PM25,SEDANG,202503,3,1,DKI5 Kebon Jeruk,10,59,17,9,28,6,59
PM25,SEDANG,202503,3,10,DKI5 Kebon Jeruk,10,77,16,15,29,4,77
PM25,SEDANG,202503,3,11,DKI5 Kebon Jeruk,9,100,23,19,27,5,100
PM25,SEDANG,202503,3,12,DKI5 Kebon Jeruk,5,54,47,3,28,4,54
PM25,SEDANG,202503,3,13,DKI5 Kebon Jeruk,8,73,53,4,35,4,73
PM25,SEDANG,202503,3,14,DKI5 Kebon Jeruk,N/A,58,22,4,23,2,58
PM25,BAIK,202503,3,15,DKI5 Kebon Jeruk,21,25,17,2,19,1,25
PM25,BAIK,202503,3,16,DKI5 Kebon Jeruk,27,47,16,4,13,1,47
PM25,SEDANG,202503,3,17,DKI5 Kebon Jeruk,20,63,30,8,16,2,63
O3,BAIK,202503,3,18,DKI5 Kebon Jeruk,16,21,16,4,28,11,28
PM25,BAIK,202503,3,19,DKI5 Kebon Jeruk,27,38,19,6,24,11,38
PM25,SEDANG,202503,3,2,DKI5 Kebon Jeruk,25,92,21,11,39,5,92
PM25,SEDANG,202503,3,20,DKI5 Kebon Jeruk,27,55,37,5,34,11,55
PM25,SEDANG,202503,3,21,DKI5 Kebon Jeruk,23,58,19,6,27,12,58
PM25,SEDANG,202503,3,22,DKI5 Kebon Jeruk,22,72,28,8,38,12,72
PM25,SEDANG,202503,3,23,DKI5 Kebon Jeruk,39,64,27,12,38,10,64
PM25,SEDANG,202503,3,24,DKI5 Kebon Jeruk,24,60,25,7,34,11,60
PM25,SEDANG,202503,3,25,DKI5 Kebon Jeruk,33,59,24,7,29,11,59
PM25,SEDANG,202503,3,26,DKI5 Kebon Jeruk,25,77,19,10,44,11,77
PM25,SEDANG,202503,3,27,DKI5 Kebon Jeruk,23,73,21,12,39,10,73
PM25,SEDANG,202503,3,28,DKI5 Kebon Jeruk,16,52,17,7,32,11,52
O3,BAIK,202503,3,29,DKI5 Kebon Jeruk,10,20,19,3,24,10,24
PM25,SEDANG,202503,3,3,DKI5 Kebon Jeruk,12,54,16,7,42,4,54
PM25,SEDANG,202503,3,30,DKI5 Kebon Jeruk,12,52,26,5,21,12,52
PM25,BAIK,202503,3,31,DKI5 Kebon Jeruk,13,37,35,3,23,13,37
PM25,SEDANG,202503,3,4,DKI5 Kebon Jeruk,N/A,52,21,6,38,6,52
PM25,SEDANG,202503,3,5,DKI5 Kebon Jeruk,18,63,25,10,36,6,63
PM25,SEDANG,202503,3,6,DKI5 Kebon Jeruk,30,90,25,11,39,4,90
PM25,BAIK,202503,3,7,DKI5 Kebon Jeruk,15,28,17,2,24,2,28
PM25,SEDANG,202503,3,8,DKI5 Kebon Jeruk,12,61,19,4,29,2,61
PM25,SEDANG,202503,3,9,DKI5 Kebon Jeruk,27,75,20,12,30,4,75
PM25,BAIK,202504,4,1,DKI5 Kebon Jeruk,15,39,22,5,25,13,39
PM25,SEDANG,202504,4,10,DKI5 Kebon Jeruk,57,94,25,17,46,11,94
PM25,SEDANG,202504,4,11,DKI5 Kebon Jeruk,54,94,25,15,50,13,94
PM25,SEDANG,202504,4,12,DKI5 Kebon Jeruk,54,92,26,19,41,13,92
PM25,SEDANG,202504,4,13,DKI5 Kebon Jeruk,52,85,26,13,48,12,85
PM25,BAIK,202504,4,14,DKI5 Kebon Jeruk,24,34,25,5,29,11,34
PM25,SEDANG,202504,4,15,DKI5 Kebon Jeruk,40,67,33,8,35,10,67
PM25,SEDANG,202504,4,16,DKI5 Kebon Jeruk,57,91,32,15,45,11,91
PM25,SEDANG,202504,4,17,DKI5 Kebon Jeruk,51,84,27,11,52,12,84
PM25,SEDANG,202504,4,18,DKI5 Kebon Jeruk,56,99,31,10,43,12,99
PM25,SEDANG,202504,4,19,DKI5 Kebon Jeruk,53,77,28,11,51,10,77
PM25,BAIK,202504,4,2,DKI5 Kebon Jeruk,11,40,N/A,6,20,13,40
PM25,SEDANG,202504,4,20,DKI5 Kebon Jeruk,41,63,32,6,35,11,63
PM25,SEDANG,202504,4,21,DKI5 Kebon Jeruk,40,61,32,6,25,11,61
PM25,SEDANG,202504,4,22,DKI5 Kebon Jeruk,55,81,32,9,28,11,81
PM25,SEDANG,202504,4,23,DKI5 Kebon Jeruk,55,75,16,12,23,7,75
PM25,BAIK,202504,4,24,DKI5 Kebon Jeruk,16,50,18,3,16,4,50
PM25,SEDANG,202504,4,25,DKI5 Kebon Jeruk,23,81,19,9,24,3,81
PM25,SEDANG,202504,4,26,DKI5 Kebon Jeruk,30,77,20,11,29,3,77
PM25,SEDANG,202504,4,27,DKI5 Kebon Jeruk,31,85,21,12,47,4,85
PM25,SEDANG,202504,4,28,DKI5 Kebon Jeruk,24,78,20,9,37,4,78
PM25,SEDANG,202504,4,29,DKI5 Kebon Jeruk,21,81,21,9,33,5,81
PM25,BAIK,202504,4,3,DKI5 Kebon Jeruk,22,45,N/A,9,30,11,45
PM25,SEDANG,202504,4,30,DKI5 Kebon Jeruk,24,88,21,8,37,5,88
PM25,SEDANG,202504,4,4,DKI5 Kebon Jeruk,33,54,N/A,8,41,11,54
PM25,SEDANG,202504,4,5,DKI5 Kebon Jeruk,50,70,N/A,12,30,11,70
PM25,SEDANG,202504,4,6,DKI5 Kebon Jeruk,55,74,N/A,20,32,10,74
PM25,SEDANG,202504,4,7,DKI5 Kebon Jeruk,36,57,N/A,13,34,12,57
PM25,SEDANG,202504,4,8,DKI5 Kebon Jeruk,55,84,N/A,13,32,12,84
PM25,SEDANG,202504,4,9,DKI5 Kebon Jeruk,44,71,N/A,8,37,12,71
PM25,TIDAK SEHAT,202505,5,1,DKI5 Kebon Jeruk,27,101,21,9,40,5,101
N/A,TIDAK ADA DATA,202505,5,10,DKI5 Kebon Jeruk,N/A,N/A,N/A,N/A,N/A,N/A,0
NO2,BAIK,202505,5,11,DKI5 Kebon Jeruk,37,N/A,19,21,38,45,45
O3,BAIK,202505,5,12,DKI5 Kebon Jeruk,19,N/A,19,11,28,27,28
NO2,BAIK,202505,5,13,DKI5 Kebon Jeruk,19,N/A,21,5,22,23,23
PM25,SEDANG,202505,5,14,DKI5 Kebon Jeruk,N/A,85,21,12,47,52,85
PM25,SEDANG,202505,5,15,DKI5 Kebon Jeruk,26,96,21,12,39,52,96
PM25,SEDANG,202505,5,16,DKI5 Kebon Jeruk,25,100,21,13,49,56,100
PM25,SEDANG,202505,5,17,DKI5 Kebon Jeruk,21,85,27,11,28,50,85
PM25,SEDANG,202505,5,18,DKI5 Kebon Jeruk,28,92,21,22,34,54,92
PM25,SEDANG,202505,5,19,DKI5 Kebon Jeruk,17,79,26,9,39,48,79
PM25,SEDANG,202505,5,2,DKI5 Kebon Jeruk,22,95,20,9,43,5,95
PM25,TIDAK SEHAT,202505,5,20,DKI5 Kebon Jeruk,28,105,29,18,29,62,105
PM25,TIDAK SEHAT,202505,5,21,DKI5 Kebon Jeruk,24,103,26,11,30,57,103
PM25,SEDANG,202505,5,22,DKI5 Kebon Jeruk,36,89,21,13,35,55,89
PM25,SEDANG,202505,5,23,DKI5 Kebon Jeruk,17,65,21,9,33,52,65
PM25,SEDANG,202505,5,24,DKI5 Kebon Jeruk,15,69,21,9,28,32,69
PM25,SEDANG,202505,5,25,DKI5 Kebon Jeruk,24,90,21,15,28,56,90
PM25,TIDAK SEHAT,202505,5,26,DKI5 Kebon Jeruk,38,119,20,18,28,44,119
PM25,SEDANG,202505,5,27,DKI5 Kebon Jeruk,16,59,20,5,22,25,59
PM25,SEDANG,202505,5,28,DKI5 Kebon Jeruk,24,100,26,12,29,34,100
PM25,TIDAK SEHAT,202505,5,29,DKI5 Kebon Jeruk,26,105,26,10,57,53,105
PM25,SEDANG,202505,5,3,DKI5 Kebon Jeruk,27,95,24,11,40,5,95
PM25,SEDANG,202505,5,30,DKI5 Kebon Jeruk,54,76,21,9,37,54,76
PM25,TIDAK SEHAT,202505,5,31,DKI5 Kebon Jeruk,35,113,22,13,42,47,113
PM25,SEDANG,202505,5,4,DKI5 Kebon Jeruk,26,80,20,14,31,5,80
PM25,TIDAK SEHAT,202505,5,5,DKI5 Kebon Jeruk,42,116,23,19,29,5,116
PM25,SEDANG,202505,5,6,DKI5 Kebon Jeruk,41,95,21,13,33,5,95
PM25,SEDANG,202505,5,7,DKI5 Kebon Jeruk,39,99,21,15,32,5,99
PM25,TIDAK SEHAT,202505,5,8,DKI5 Kebon Jeruk,51,142,20,26,35,4,142
PM25,SEDANG,202505,5,9,DKI5 Kebon Jeruk,26,97,19,10,32,30,97
PM25,TIDAK SEHAT,202506,6,1,DKI5 Kebon Jeruk,23,103,24,11,31,50,103
PM25,SEDANG,202506,6,10,DKI5 Kebon Jeruk,23,90,26,9,44,54,90
PM25,SEDANG,202506,6,11,DKI5 Kebon Jeruk,27,84,23,13,39,62,84
PM25,SEDANG,202506,6,12,DKI5 Kebon Jeruk,26,87,25,11,30,55,87
PM25,TIDAK SEHAT,202506,6,13,DKI5 Kebon Jeruk,33,104,28,9,32,28,104
PM25,TIDAK SEHAT,202506,6,14,DKI5 Kebon Jeruk,32,109,26,10,27,35,109
PM25,SEDANG,202506,6,15,DKI5 Kebon Jeruk,29,88,26,14,18,34,88
PM25,SEDANG,202506,6,16,DKI5 Kebon Jeruk,19,80,30,8,33,28,80
PM25,SEDANG,202506,6,17,DKI5 Kebon Jeruk,15,64,23,7,30,30,64
PM25,SEDANG,202506,6,18,DKI5 Kebon Jeruk,15,55,20,9,27,32,55
PM25,SEDANG,202506,6,19,DKI5 Kebon Jeruk,20,90,23,24,16,49,90
PM25,TIDAK SEHAT,202506,6,2,DKI5 Kebon Jeruk,35,120,27,13,38,56,120
PM25,TIDAK SEHAT,202506,6,20,DKI5 Kebon Jeruk,44,127,27,24,18,51,127
PM25,SEDANG,202506,6,21,DKI5 Kebon Jeruk,24,65,22,7,34,31,65
NO2,BAIK,202506,6,22,DKI5 Kebon Jeruk,38,N/A,24,22,25,45,45
PM25,SEDANG,202506,6,23,DKI5 Kebon Jeruk,20,81,24,7,30,22,81
PM25,TIDAK SEHAT,202506,6,24,DKI5 Kebon Jeruk,36,114,29,11,27,35,114
PM25,TIDAK SEHAT,202506,6,25,DKI5 Kebon Jeruk,39,133,26,16,28,43,133
PM25,TIDAK SEHAT,202506,6,26,DKI5 Kebon Jeruk,32,123,26,17,27,51,123
PM25,TIDAK SEHAT,202506,6,27,DKI5 Kebon Jeruk,31,108,27,10,38,30,108
PM25,TIDAK SEHAT,202506,6,28,DKI5 Kebon Jeruk,47,137,26,12,40,35,137
PM25,SEDANG,202506,6,29,DKI5 Kebon Jeruk,48,95,24,17,15,51,95
PM25,TIDAK SEHAT,202506,6,3,DKI5 Kebon Jeruk,30,128,25,11,40,55,128
PM25,TIDAK SEHAT,202506,6,30,DKI5 Kebon Jeruk,29,125,25,19,28,48,125
PM25,TIDAK SEHAT,202506,6,4,DKI5 Kebon Jeruk,38,141,22,16,39,65,141
PM25,TIDAK SEHAT,202506,6,5,DKI5 Kebon Jeruk,38,116,25,14,38,65,116
PM25,SEDANG,202506,6,6,DKI5 Kebon Jeruk,30,97,23,12,39,46,97
PM25,TIDAK SEHAT,202506,6,7,DKI5 Kebon Jeruk,36,125,22,17,45,40,125
PM25,TIDAK SEHAT,202506,6,8,DKI5 Kebon Jeruk,31,108,26,14,41,60,108
PM25,SEDANG,202506,6,9,DKI5 Kebon Jeruk,30,99,25,11,38,49,99
