periode_data,bulan,tanggal,stasiun,karbon_monoksida
202401,1,1,DKI5  Kebon Jeruk  Jakarta Barat,18
202401,1,2,DKI5  Kebon Jeruk  Jakarta Barat,9
202401,1,3,DKI5  Kebon Jeruk  Jakarta Barat,7
202401,1,4,DKI5  Kebon Jeruk  Jakarta Barat,10
202401,1,5,DKI5  Kebon Jeruk  Jakarta Barat,15
202401,1,6,DKI5  Kebon Jeruk  Jakarta Barat,12
202401,1,7,DKI5  Kebon Jeruk  Jakarta Barat,23
202401,1,8,DKI5  Kebon Jeruk  Jakarta Barat,12
202401,1,9,DKI5  Kebon Jeruk  Jakarta Barat,18
202401,1,10,DKI5  Kebon Jeruk  Jakarta Barat,11
202401,1,11,DKI5  Kebon Jeruk  Jakarta Barat,57
202401,1,12,DKI5  Kebon Jeruk  Jakarta Barat,6
202401,1,13,DKI5  Kebon Jeruk  Jakarta Barat,8
202401,1,14,DKI5  Kebon Jeruk  Jakarta Barat,8
202401,1,15,DKI5  Kebon Jeruk  Jakarta Barat,11
202401,1,16,DKI5  Kebon Jeruk  Jakarta Barat,5
202401,1,17,DKI5  Kebon Jeruk  Jakarta Barat,7
202401,1,18,DKI5  Kebon Jeruk  Jakarta Barat,8
202401,1,19,DKI5  Kebon Jeruk  Jakarta Barat,6
202401,1,20,DKI5  Kebon Jeruk  Jakarta Barat,7
202401,1,21,DKI5  Kebon Jeruk  Jakarta Barat,10
202401,1,22,DKI5  Kebon Jeruk  Jakarta Barat,9
202401,1,23,DKI5  Kebon Jeruk  Jakarta Barat,9
202401,1,24,DKI5  Kebon Jeruk  Jakarta Barat,10
202401,1,25,DKI5  Kebon Jeruk  Jakarta Barat,12
202401,1,26,DKI5  Kebon Jeruk  Jakarta Barat,10
202401,1,27,DKI5  Kebon Jeruk  Jakarta Barat,8
202401,1,28,DKI5  Kebon Jeruk  Jakarta Barat,18
202401,1,29,DKI5  Kebon Jeruk  Jakarta Barat,14
202401,1,30,DKI5  Kebon Jeruk  Jakarta Barat,15
202401,1,31,DKI5  Kebon Jeruk  Jakarta Barat,9
202402,2,1,DKI5  Kebon Jeruk  Jakarta Barat,17
202402,2,10,DKI5  Kebon Jeruk  Jakarta Barat,6
202402,2,11,DKI5  Kebon Jeruk  Jakarta Barat,14
202402,2,12,DKI5  Kebon Jeruk  Jakarta Barat,11
202402,2,13,DKI5  Kebon Jeruk  Jakarta Barat,9
202402,2,14,DKI5  Kebon Jeruk  Jakarta Barat,9
202402,2,15,DKI5  Kebon Jeruk  Jakarta Barat,11
202402,2,16,DKI5  Kebon Jeruk  Jakarta Barat,18
202402,2,17,DKI5  Kebon Jeruk  Jakarta Barat,12
202402,2,18,DKI5  Kebon Jeruk  Jakarta Barat,11
202402,2,19,DKI5  Kebon Jeruk  Jakarta Barat,19
202402,2,2,DKI5  Kebon Jeruk  Jakarta Barat,18
202402,2,20,DKI5  Kebon Jeruk  Jakarta Barat,10
202402,2,21,DKI5  Kebon Jeruk  Jakarta Barat,12
202402,2,22,DKI5  Kebon Jeruk  Jakarta Barat,8
202402,2,23,DKI5  Kebon Jeruk  Jakarta Barat,7
202402,2,24,DKI5  Kebon Jeruk  Jakarta Barat,9
202402,2,25,DKI5  Kebon Jeruk  Jakarta Barat,14
202402,2,26,DKI5  Kebon Jeruk  Jakarta Barat,17
202402,2,27,DKI5  Kebon Jeruk  Jakarta Barat,27
202402,2,28,DKI5  Kebon Jeruk  Jakarta Barat,20
202402,2,29,DKI5  Kebon Jeruk  Jakarta Barat,21
202402,2,3,DKI5  Kebon Jeruk  Jakarta Barat,12
202402,2,4,DKI5  Kebon Jeruk  Jakarta Barat,7
202402,2,5,DKI5  Kebon Jeruk  Jakarta Barat,15
202402,2,6,DKI5  Kebon Jeruk  Jakarta Barat,16
202402,2,7,DKI5  Kebon Jeruk  Jakarta Barat,11
202402,2,8,DKI5  Kebon Jeruk  Jakarta Barat,11
202402,2,9,DKI5  Kebon Jeruk  Jakarta Barat,12
202403,3,1,DKI5  Kebon Jeruk  Jakarta Barat,29
202403,3,10,DKI5  Kebon Jeruk  Jakarta Barat,36
202403,3,11,DKI5  Kebon Jeruk  Jakarta Barat,24
202403,3,12,DKI5  Kebon Jeruk  Jakarta Barat,15
202403,3,13,DKI5  Kebon Jeruk  Jakarta Barat,17
202403,3,14,DKI5  Kebon Jeruk  Jakarta Barat,18
202403,3,15,DKI5  Kebon Jeruk  Jakarta Barat,16
202403,3,16,DKI5  Kebon Jeruk  Jakarta Barat,14
202403,3,17,DKI5  Kebon Jeruk  Jakarta Barat,12
202403,3,18,DKI5  Kebon Jeruk  Jakarta Barat,12
202403,3,19,DKI5  Kebon Jeruk  Jakarta Barat,14
202403,3,2,DKI5  Kebon Jeruk  Jakarta Barat,21
202403,3,20,DKI5  Kebon Jeruk  Jakarta Barat,15
202403,3,21,DKI5  Kebon Jeruk  Jakarta Barat,16
202403,3,22,DKI5  Kebon Jeruk  Jakarta Barat,17
202403,3,23,DKI5  Kebon Jeruk  Jakarta Barat,39
202403,3,24,DKI5  Kebon Jeruk  Jakarta Barat,19
202403,3,25,DKI5  Kebon Jeruk  Jakarta Barat,18
202403,3,26,DKI5  Kebon Jeruk  Jakarta Barat,23
202403,3,27,DKI5  Kebon Jeruk  Jakarta Barat,23
202403,3,28,DKI5  Kebon Jeruk  Jakarta Barat,26
202403,3,29,DKI5  Kebon Jeruk  Jakarta Barat,24
202403,3,3,DKI5  Kebon Jeruk  Jakarta Barat,19
202403,3,30,DKI5  Kebon Jeruk  Jakarta Barat,25
202403,3,31,DKI5  Kebon Jeruk  Jakarta Barat,28
202403,3,4,DKI5  Kebon Jeruk  Jakarta Barat,18
202403,3,5,DKI5  Kebon Jeruk  Jakarta Barat,14
202403,3,6,DKI5  Kebon Jeruk  Jakarta Barat,13
202403,3,7,DKI5  Kebon Jeruk  Jakarta Barat,13
202403,3,8,DKI5  Kebon Jeruk  Jakarta Barat,12
202403,3,9,DKI5  Kebon Jeruk  Jakarta Barat,14
202404,4,1,DKI5  Kebon Jeruk  Jakarta Barat,30
202404,4,10,DKI5  Kebon Jeruk  Jakarta Barat,25
202404,4,11,DKI5  Kebon Jeruk  Jakarta Barat,17
202404,4,12,DKI5  Kebon Jeruk  Jakarta Barat,14
202404,4,13,DKI5  Kebon Jeruk  Jakarta Barat,23
202404,4,14,DKI5  Kebon Jeruk  Jakarta Barat,15
202404,4,15,DKI5  Kebon Jeruk  Jakarta Barat,20
202404,4,16,DKI5  Kebon Jeruk  Jakarta Barat,17
202404,4,17,DKI5  Kebon Jeruk  Jakarta Barat,18
202404,4,18,DKI5  Kebon Jeruk  Jakarta Barat,21
202404,4,19,DKI5  Kebon Jeruk  Jakarta Barat,18
202404,4,2,DKI5  Kebon Jeruk  Jakarta Barat,35
202404,4,20,DKI5  Kebon Jeruk  Jakarta Barat,25
202404,4,21,DKI5  Kebon Jeruk  Jakarta Barat,20
202404,4,22,DKI5  Kebon Jeruk  Jakarta Barat,26
202404,4,23,DKI5  Kebon Jeruk  Jakarta Barat,22
202404,4,24,DKI5  Kebon Jeruk  Jakarta Barat,21
202404,4,25,DKI5  Kebon Jeruk  Jakarta Barat,22
202404,4,26,DKI5  Kebon Jeruk  Jakarta Barat,14
202404,4,27,DKI5  Kebon Jeruk  Jakarta Barat,26
202404,4,28,DKI5  Kebon Jeruk  Jakarta Barat,20
202404,4,29,DKI5  Kebon Jeruk  Jakarta Barat,17
202404,4,3,DKI5  Kebon Jeruk  Jakarta Barat,24
202404,4,30,DKI5  Kebon Jeruk  Jakarta Barat,18
202404,4,4,DKI5  Kebon Jeruk  Jakarta Barat,28
202404,4,5,DKI5  Kebon Jeruk  Jakarta Barat,31
202404,4,6,DKI5  Kebon Jeruk  Jakarta Barat,22
202404,4,7,DKI5  Kebon Jeruk  Jakarta Barat,20
202404,4,8,DKI5  Kebon Jeruk  Jakarta Barat,18
202404,4,9,DKI5  Kebon Jeruk  Jakarta Barat,15
202405,5,1,DKI5  Kebon Jeruk  Jakarta Barat,17
202405,5,10,DKI5  Kebon Jeruk  Jakarta Barat,16
202405,5,11,DKI5  Kebon Jeruk  Jakarta Barat,17
202405,5,12,DKI5  Kebon Jeruk  Jakarta Barat,23
202405,5,13,DKI5  Kebon Jeruk  Jakarta Barat,16
202405,5,14,DKI5  Kebon Jeruk  Jakarta Barat,23
202405,5,15,DKI5  Kebon Jeruk  Jakarta Barat,23
202405,5,16,DKI5  Kebon Jeruk  Jakarta Barat,19
202405,5,17,DKI5  Kebon Jeruk  Jakarta Barat,17
202405,5,18,DKI5  Kebon Jeruk  Jakarta Barat,21
202405,5,19,DKI5  Kebon Jeruk  Jakarta Barat,20
202405,5,2,DKI5  Kebon Jeruk  Jakarta Barat,17
202405,5,20,DKI5  Kebon Jeruk  Jakarta Barat,20
202405,5,21,DKI5  Kebon Jeruk  Jakarta Barat,21
202405,5,22,DKI5  Kebon Jeruk  Jakarta Barat,21
202405,5,23,DKI5  Kebon Jeruk  Jakarta Barat,20
202405,5,24,DKI5  Kebon Jeruk  Jakarta Barat,22
202405,5,25,DKI5  Kebon Jeruk  Jakarta Barat,18
202405,5,26,DKI5  Kebon Jeruk  Jakarta Barat,26
202405,5,27,DKI5  Kebon Jeruk  Jakarta Barat,22
202405,5,28,DKI5  Kebon Jeruk  Jakarta Barat,26
202405,5,29,DKI5  Kebon Jeruk  Jakarta Barat,17
202405,5,3,DKI5  Kebon Jeruk  Jakarta Barat,18
202405,5,30,DKI5  Kebon Jeruk  Jakarta Barat,18
202405,5,31,DKI5  Kebon Jeruk  Jakarta Barat,21
202405,5,4,DKI5  Kebon Jeruk  Jakarta Barat,22
202405,5,5,DKI5  Kebon Jeruk  Jakarta Barat,23
202405,5,6,DKI5  Kebon Jeruk  Jakarta Barat,18
202405,5,7,DKI5  Kebon Jeruk  Jakarta Barat,21
202405,5,8,DKI5  Kebon Jeruk  Jakarta Barat,20
202405,5,9,DKI5  Kebon Jeruk  Jakarta Barat,22
202406,6,1,DKI5  Kebon Jeruk  Jakarta Barat,25
202406,6,10,DKI5  Kebon Jeruk  Jakarta Barat,27
202406,6,11,DKI5  Kebon Jeruk  Jakarta Barat,20
202406,6,12,DKI5  Kebon Jeruk  Jakarta Barat,27
202406,6,13,DKI5  Kebon Jeruk  Jakarta Barat,21
202406,6,14,DKI5  Kebon Jeruk  Jakarta Barat,19
202406,6,15,DKI5  Kebon Jeruk  Jakarta Barat,23
202406,6,16,DKI5  Kebon Jeruk  Jakarta Barat,23
202406,6,17,DKI5  Kebon Jeruk  Jakarta Barat,20
202406,6,18,DKI5  Kebon Jeruk  Jakarta Barat,25
202406,6,19,DKI5  Kebon Jeruk  Jakarta Barat,29
202406,6,2,DKI5  Kebon Jeruk  Jakarta Barat,24
202406,6,20,DKI5  Kebon Jeruk  Jakarta Barat,19
202406,6,21,DKI5  Kebon Jeruk  Jakarta Barat,23
202406,6,22,DKI5  Kebon Jeruk  Jakarta Barat,22
202406,6,23,DKI5  Kebon Jeruk  Jakarta Barat,21
202406,6,24,DKI5  Kebon Jeruk  Jakarta Barat,22
202406,6,25,DKI5  Kebon Jeruk  Jakarta Barat,21
202406,6,26,DKI5  Kebon Jeruk  Jakarta Barat,29
202406,6,27,DKI5  Kebon Jeruk  Jakarta Barat,18
202406,6,28,DKI5  Kebon Jeruk  Jakarta Barat,24
202406,6,29,DKI5  Kebon Jeruk  Jakarta Barat,30
202406,6,3,DKI5  Kebon Jeruk  Jakarta Barat,18
202406,6,30,DKI5  Kebon Jeruk  Jakarta Barat,22
202406,6,4,DKI5  Kebon Jeruk  Jakarta Barat,28
202406,6,5,DKI5  Kebon Jeruk  Jakarta Barat,31
202406,6,6,DKI5  Kebon Jeruk  Jakarta Barat,18
202406,6,7,DKI5  Kebon Jeruk  Jakarta Barat,21
202406,6,8,DKI5  Kebon Jeruk  Jakarta Barat,24
202406,6,9,DKI5  Kebon Jeruk  Jakarta Barat,20
202407,7,1,DKI5  Kebon Jeruk  Jakarta Barat,21
202407,7,10,DKI5  Kebon Jeruk  Jakarta Barat,18
202407,7,11,DKI5  Kebon Jeruk  Jakarta Barat,27
202407,7,12,DKI5  Kebon Jeruk  Jakarta Barat,22
202407,7,13,DKI5  Kebon Jeruk  Jakarta Barat,29
202407,7,14,DKI5  Kebon Jeruk  Jakarta Barat,25
202407,7,15,DKI5  Kebon Jeruk  Jakarta Barat,22
202407,7,16,DKI5  Kebon Jeruk  Jakarta Barat,24
202407,7,17,DKI5  Kebon Jeruk  Jakarta Barat,25
202407,7,18,DKI5  Kebon Jeruk  Jakarta Barat,20
202407,7,19,DKI5  Kebon Jeruk  Jakarta Barat,20
202407,7,2,DKI5  Kebon Jeruk  Jakarta Barat,19
202407,7,20,DKI5  Kebon Jeruk  Jakarta Barat,19
202407,7,21,DKI5  Kebon Jeruk  Jakarta Barat,18
202407,7,22,DKI5  Kebon Jeruk  Jakarta Barat,18
202407,7,23,DKI5  Kebon Jeruk  Jakarta Barat,18
202407,7,24,DKI5  Kebon Jeruk  Jakarta Barat,19
202407,7,25,DKI5  Kebon Jeruk  Jakarta Barat,19
202407,7,26,DKI5  Kebon Jeruk  Jakarta Barat,20
202407,7,27,DKI5  Kebon Jeruk  Jakarta Barat,19
202407,7,28,DKI5  Kebon Jeruk  Jakarta Barat,20
202407,7,29,DKI5  Kebon Jeruk  Jakarta Barat,20
202407,7,3,DKI5  Kebon Jeruk  Jakarta Barat,33
202407,7,30,DKI5  Kebon Jeruk  Jakarta Barat,21
202407,7,31,DKI5  Kebon Jeruk  Jakarta Barat,22
202407,7,4,DKI5  Kebon Jeruk  Jakarta Barat,29
202407,7,5,DKI5  Kebon Jeruk  Jakarta Barat,24
202407,7,6,DKI5  Kebon Jeruk  Jakarta Barat,20
202407,7,7,DKI5  Kebon Jeruk  Jakarta Barat,24
202407,7,8,DKI5  Kebon Jeruk  Jakarta Barat,22
202407,7,9,DKI5  Kebon Jeruk  Jakarta Barat,22
202408,8,1,DKI5  Kebon Jeruk  Jakarta Barat,20
202408,8,10,DKI5  Kebon Jeruk  Jakarta Barat,18
202408,8,11,DKI5  Kebon Jeruk  Jakarta Barat,17
202408,8,12,DKI5  Kebon Jeruk  Jakarta Barat,18
202408,8,13,DKI5  Kebon Jeruk  Jakarta Barat,23
202408,8,14,DKI5  Kebon Jeruk  Jakarta Barat,22
202408,8,15,DKI5  Kebon Jeruk  Jakarta Barat,21
202408,8,16,DKI5  Kebon Jeruk  Jakarta Barat,22
202408,8,17,DKI5  Kebon Jeruk  Jakarta Barat,22
202408,8,18,DKI5  Kebon Jeruk  Jakarta Barat,21
202408,8,19,DKI5  Kebon Jeruk  Jakarta Barat,19
202408,8,2,DKI5  Kebon Jeruk  Jakarta Barat,21
202408,8,20,DKI5  Kebon Jeruk  Jakarta Barat,22
202408,8,21,DKI5  Kebon Jeruk  Jakarta Barat,21
202408,8,22,DKI5  Kebon Jeruk  Jakarta Barat,18
202408,8,23,DKI5  Kebon Jeruk  Jakarta Barat,17
202408,8,24,DKI5  Kebon Jeruk  Jakarta Barat,19
202408,8,25,DKI5  Kebon Jeruk  Jakarta Barat,18
202408,8,26,DKI5  Kebon Jeruk  Jakarta Barat,21
202408,8,27,DKI5  Kebon Jeruk  Jakarta Barat,22
202408,8,28,DKI5  Kebon Jeruk  Jakarta Barat,20
202408,8,29,DKI5  Kebon Jeruk  Jakarta Barat,20
202408,8,3,DKI5  Kebon Jeruk  Jakarta Barat,21
202408,8,30,DKI5  Kebon Jeruk  Jakarta Barat,23
202408,8,31,DKI5  Kebon Jeruk  Jakarta Barat,18
202408,8,4,DKI5  Kebon Jeruk  Jakarta Barat,26
202408,8,5,DKI5  Kebon Jeruk  Jakarta Barat,19
202408,8,6,DKI5  Kebon Jeruk  Jakarta Barat,19
202408,8,7,DKI5  Kebon Jeruk  Jakarta Barat,20
202408,8,8,DKI5  Kebon Jeruk  Jakarta Barat,24
202408,8,9,DKI5  Kebon Jeruk  Jakarta Barat,20
202409,9,1,DKI5  Kebon Jeruk  Jakarta Barat,20
202409,9,10,DKI5  Kebon Jeruk  Jakarta Barat,24
202409,9,11,DKI5  Kebon Jeruk  Jakarta Barat,19
202409,9,12,DKI5  Kebon Jeruk  Jakarta Barat,20
202409,9,13,DKI5  Kebon Jeruk  Jakarta Barat,21
202409,9,14,DKI5  Kebon Jeruk  Jakarta Barat,19
202409,9,15,DKI5  Kebon Jeruk  Jakarta Barat,20
202409,9,16,DKI5  Kebon Jeruk  Jakarta Barat,20
202409,9,17,DKI5  Kebon Jeruk  Jakarta Barat,19
202409,9,18,DKI5  Kebon Jeruk  Jakarta Barat,18
202409,9,19,DKI5  Kebon Jeruk  Jakarta Barat,19
202409,9,2,DKI5  Kebon Jeruk  Jakarta Barat,17
202409,9,20,DKI5  Kebon Jeruk  Jakarta Barat,20
202409,9,21,DKI5  Kebon Jeruk  Jakarta Barat,19
202409,9,22,DKI5  Kebon Jeruk  Jakarta Barat,20
202409,9,23,DKI5  Kebon Jeruk  Jakarta Barat,19
202409,9,24,DKI5  Kebon Jeruk  Jakarta Barat,21
202409,9,25,DKI5  Kebon Jeruk  Jakarta Barat,28
202409,9,26,DKI5  Kebon Jeruk  Jakarta Barat,26
202409,9,27,DKI5  Kebon Jeruk  Jakarta Barat,23
202409,9,28,DKI5  Kebon Jeruk  Jakarta Barat,22
202409,9,29,DKI5  Kebon Jeruk  Jakarta Barat,22
202409,9,3,DKI5  Kebon Jeruk  Jakarta Barat,20
202409,9,30,DKI5  Kebon Jeruk  Jakarta Barat,20
202409,9,4,DKI5  Kebon Jeruk  Jakarta Barat,18
202409,9,5,DKI5  Kebon Jeruk  Jakarta Barat,18
202409,9,6,DKI5  Kebon Jeruk  Jakarta Barat,20
202409,9,7,DKI5  Kebon Jeruk  Jakarta Barat,17
202409,9,8,DKI5  Kebon Jeruk  Jakarta Barat,18
202409,9,9,DKI5  Kebon Jeruk  Jakarta Barat,17
202410,10,1,DKI5  Kebon Jeruk  Jakarta Barat,22
202410,10,10,DKI5  Kebon Jeruk  Jakarta Barat,20
202410,10,11,DKI5  Kebon Jeruk  Jakarta Barat,23
202410,10,12,DKI5  Kebon Jeruk  Jakarta Barat,20
202410,10,13,DKI5  Kebon Jeruk  Jakarta Barat,21
202410,10,14,DKI5  Kebon Jeruk  Jakarta Barat,22
202410,10,15,DKI5  Kebon Jeruk  Jakarta Barat,19
202410,10,16,DKI5  Kebon Jeruk  Jakarta Barat,22
202410,10,17,DKI5  Kebon Jeruk  Jakarta Barat,20
202410,10,18,DKI5  Kebon Jeruk  Jakarta Barat,19
202410,10,19,DKI5  Kebon Jeruk  Jakarta Barat,21
202410,10,2,DKI5  Kebon Jeruk  Jakarta Barat,20
202410,10,20,DKI5  Kebon Jeruk  Jakarta Barat,18
202410,10,21,DKI5  Kebon Jeruk  Jakarta Barat,19
202410,10,22,DKI5  Kebon Jeruk  Jakarta Barat,21
202410,10,23,DKI5  Kebon Jeruk  Jakarta Barat,19
202410,10,24,DKI5  Kebon Jeruk  Jakarta Barat,17
202410,10,25,DKI5  Kebon Jeruk  Jakarta Barat,20
202410,10,26,DKI5  Kebon Jeruk  Jakarta Barat,21
202410,10,27,DKI5  Kebon Jeruk  Jakarta Barat,17
202410,10,28,DKI5  Kebon Jeruk  Jakarta Barat,18
202410,10,29,DKI5  Kebon Jeruk  Jakarta Barat,19
202410,10,3,DKI5  Kebon Jeruk  Jakarta Barat,22
202410,10,30,DKI5  Kebon Jeruk  Jakarta Barat,20
202410,10,31,DKI5  Kebon Jeruk  Jakarta Barat,20
202410,10,4,DKI5  Kebon Jeruk  Jakarta Barat,22
202410,10,5,DKI5  Kebon Jeruk  Jakarta Barat,21
202410,10,6,DKI5  Kebon Jeruk  Jakarta Barat,21
202410,10,7,DKI5  Kebon Jeruk  Jakarta Barat,27
202410,10,8,DKI5  Kebon Jeruk  Jakarta Barat,21
202410,10,9,DKI5  Kebon Jeruk  Jakarta Barat,20
202411,11,1,DKI5  Kebon Jeruk  Jakarta Barat,22
202411,11,10,DKI5  Kebon Jeruk  Jakarta Barat,23
202411,11,11,DKI5  Kebon Jeruk  Jakarta Barat,25
202411,11,12,DKI5  Kebon Jeruk  Jakarta Barat,24
202411,11,13,DKI5  Kebon Jeruk  Jakarta Barat,32
202411,11,14,DKI5  Kebon Jeruk  Jakarta Barat,24
202411,11,15,DKI5  Kebon Jeruk  Jakarta Barat,21
202411,11,16,DKI5  Kebon Jeruk  Jakarta Barat,19
202411,11,17,DKI5  Kebon Jeruk  Jakarta Barat,33
202411,11,18,DKI5  Kebon Jeruk  Jakarta Barat,17
202411,11,19,DKI5  Kebon Jeruk  Jakarta Barat,21
202411,11,2,DKI5  Kebon Jeruk  Jakarta Barat,22
202411,11,20,DKI5  Kebon Jeruk  Jakarta Barat,22
202411,11,21,DKI5  Kebon Jeruk  Jakarta Barat,20
202411,11,22,DKI5  Kebon Jeruk  Jakarta Barat,17
202411,11,23,DKI5  Kebon Jeruk  Jakarta Barat,18
202411,11,24,DKI5  Kebon Jeruk  Jakarta Barat,16
202411,11,25,DKI5  Kebon Jeruk  Jakarta Barat,19
202411,11,26,DKI5  Kebon Jeruk  Jakarta Barat,20
202411,11,27,DKI5  Kebon Jeruk  Jakarta Barat,19
202411,11,28,DKI5  Kebon Jeruk  Jakarta Barat,18
202411,11,29,DKI5  Kebon Jeruk  Jakarta Barat,17
202411,11,3,DKI5  Kebon Jeruk  Jakarta Barat,26
202411,11,30,DKI5  Kebon Jeruk  Jakarta Barat,15
202411,11,4,DKI5  Kebon Jeruk  Jakarta Barat,24
202411,11,5,DKI5  Kebon Jeruk  Jakarta Barat,21
202411,11,6,DKI5  Kebon Jeruk  Jakarta Barat,22
202411,11,7,DKI5  Kebon Jeruk  Jakarta Barat,23
202411,11,8,DKI5  Kebon Jeruk  Jakarta Barat,22
202411,11,9,DKI5  Kebon Jeruk  Jakarta Barat,21
202412,12,1,DKI5 Kebon Jeruk Jakarta Barat,15
202412,12,10,DKI5 Kebon Jeruk Jakarta Barat,21
202412,12,11,DKI5 Kebon Jeruk Jakarta Barat,15
202412,12,12,DKI5 Kebon Jeruk Jakarta Barat,15
202412,12,13,DKI5 Kebon Jeruk Jakarta Barat,15
202412,12,14,DKI5 Kebon Jeruk Jakarta Barat,15
202412,12,15,DKI5 Kebon Jeruk Jakarta Barat,16
202412,12,16,DKI5 Kebon Jeruk Jakarta Barat,16
202412,12,17,DKI5 Kebon Jeruk Jakarta Barat,16
202412,12,18,DKI5 Kebon Jeruk Jakarta Barat,15
202412,12,19,DKI5 Kebon Jeruk Jakarta Barat,4
202412,12,2,DKI5 Kebon Jeruk Jakarta Barat,15
202412,12,20,DKI5 Kebon Jeruk Jakarta Barat,7
202412,12,21,DKI5 Kebon Jeruk Jakarta Barat,6
202412,12,22,DKI5 Kebon Jeruk Jakarta Barat,7
202412,12,23,DKI5 Kebon Jeruk Jakarta Barat,8
202412,12,24,DKI5 Kebon Jeruk Jakarta Barat,11
202412,12,25,DKI5 Kebon Jeruk Jakarta Barat,7
202412,12,26,DKI5 Kebon Jeruk Jakarta Barat,10
202412,12,27,DKI5 Kebon Jeruk Jakarta Barat,9
202412,12,28,DKI5 Kebon Jeruk Jakarta Barat,6
202412,12,29,DKI5 Kebon Jeruk Jakarta Barat,8
202412,12,3,DKI5 Kebon Jeruk Jakarta Barat,14
202412,12,30,DKI5 Kebon Jeruk Jakarta Barat,5
202412,12,31,DKI5 Kebon Jeruk Jakarta Barat,3
202412,12,4,DKI5 Kebon Jeruk Jakarta Barat,15
202412,12,5,DKI5 Kebon Jeruk Jakarta Barat,15
202412,12,6,DKI5 Kebon Jeruk Jakarta Barat,16
202412,12,7,DKI5 Kebon Jeruk Jakarta Barat,41
202412,12,8,DKI5 Kebon Jeruk Jakarta Barat,24
202412,12,9,DKI5 Kebon Jeruk Jakarta Barat,19
202501,1,1,DKI5 Kebon Jeruk Jakarta Barat,6
202501,1,10,DKI5 Kebon Jeruk Jakarta Barat,13
202501,1,11,DKI5 Kebon Jeruk Jakarta Barat,6
202501,1,12,DKI5 Kebon Jeruk Jakarta Barat,5
202501,1,13,DKI5 Kebon Jeruk Jakarta Barat,5
202501,1,14,DKI5 Kebon Jeruk Jakarta Barat,5
202501,1,15,DKI5 Kebon Jeruk Jakarta Barat,6
202501,1,16,DKI5 Kebon Jeruk Jakarta Barat,5
202501,1,17,DKI5 Kebon Jeruk Jakarta Barat,4
202501,1,18,DKI5 Kebon Jeruk Jakarta Barat,3
202501,1,19,DKI5 Kebon Jeruk Jakarta Barat,3
202501,1,2,DKI5 Kebon Jeruk Jakarta Barat,4
202501,1,20,DKI5 Kebon Jeruk Jakarta Barat,3
202501,1,21,DKI5 Kebon Jeruk Jakarta Barat,12
202501,1,22,DKI5 Kebon Jeruk Jakarta Barat,10
202501,1,23,DKI5 Kebon Jeruk Jakarta Barat,7
202501,1,24,DKI5 Kebon Jeruk Jakarta Barat,13
202501,1,25,DKI5 Kebon Jeruk Jakarta Barat,10
202501,1,26,DKI5 Kebon Jeruk Jakarta Barat,8
202501,1,27,DKI5 Kebon Jeruk Jakarta Barat,3
202501,1,28,DKI5 Kebon Jeruk Jakarta Barat,3
202501,1,29,DKI5 Kebon Jeruk Jakarta Barat,6
202501,1,3,DKI5 Kebon Jeruk Jakarta Barat,8
202501,1,30,DKI5 Kebon Jeruk Jakarta Barat,4
202501,1,31,DKI5 Kebon Jeruk Jakarta Barat,7
202501,1,4,DKI5 Kebon Jeruk Jakarta Barat,4
202501,1,5,DKI5 Kebon Jeruk Jakarta Barat,4
202501,1,6,DKI5 Kebon Jeruk Jakarta Barat,8
202501,1,7,DKI5 Kebon Jeruk Jakarta Barat,4
202501,1,8,DKI5 Kebon Jeruk Jakarta Barat,4
202501,1,9,DKI5 Kebon Jeruk Jakarta Barat,6
202502,2,1,DKI5 Kebon Jeruk Jakarta Barat,5
202502,2,10,DKI5 Kebon Jeruk Jakarta Barat,7
202502,2,11,DKI5 Kebon Jeruk Jakarta Barat,7
202502,2,12,DKI5 Kebon Jeruk Jakarta Barat,9
202502,2,13,DKI5 Kebon Jeruk Jakarta Barat,10
202502,2,14,DKI5 Kebon Jeruk Jakarta Barat,5
202502,2,15,DKI5 Kebon Jeruk Jakarta Barat,4
202502,2,16,DKI5 Kebon Jeruk Jakarta Barat,7
202502,2,17,DKI5 Kebon Jeruk Jakarta Barat,11
202502,2,18,DKI5 Kebon Jeruk Jakarta Barat,15
202502,2,19,DKI5 Kebon Jeruk Jakarta Barat,18
202502,2,2,DKI5 Kebon Jeruk Jakarta Barat,5
202502,2,20,DKI5 Kebon Jeruk Jakarta Barat,8
202502,2,21,DKI5 Kebon Jeruk Jakarta Barat,N/A
202502,2,22,DKI5 Kebon Jeruk Jakarta Barat,7
202502,2,23,DKI5 Kebon Jeruk Jakarta Barat,13
202502,2,24,DKI5 Kebon Jeruk Jakarta Barat,11
202502,2,25,DKI5 Kebon Jeruk Jakarta Barat,13
202502,2,26,DKI5 Kebon Jeruk Jakarta Barat,10
202502,2,27,DKI5 Kebon Jeruk Jakarta Barat,21
202502,2,28,DKI5 Kebon Jeruk Jakarta Barat,9
202502,2,3,DKI5 Kebon Jeruk Jakarta Barat,5
202502,2,4,DKI5 Kebon Jeruk Jakarta Barat,10
202502,2,5,DKI5 Kebon Jeruk Jakarta Barat,5
202502,2,6,DKI5 Kebon Jeruk Jakarta Barat,6
202502,2,7,DKI5 Kebon Jeruk Jakarta Barat,7
202502,2,8,DKI5 Kebon Jeruk Jakarta Barat,7
202502,2,9,DKI5 Kebon Jeruk Jakarta Barat,6
202503,3,1,DKI5 Kebon Jeruk Jakarta Barat,9
202503,3,10,DKI5 Kebon Jeruk Jakarta Barat,15
202503,3,11,DKI5 Kebon Jeruk Jakarta Barat,19
202503,3,12,DKI5 Kebon Jeruk Jakarta Barat,3
202503,3,13,DKI5 Kebon Jeruk Jakarta Barat,4
202503,3,14,DKI5 Kebon Jeruk Jakarta Barat,4
202503,3,15,DKI5 Kebon Jeruk Jakarta Barat,2
202503,3,16,DKI5 Kebon Jeruk Jakarta Barat,4
202503,3,17,DKI5 Kebon Jeruk Jakarta Barat,8
202503,3,18,DKI5 Kebon Jeruk Jakarta Barat,4
202503,3,19,DKI5 Kebon Jeruk Jakarta Barat,6
202503,3,2,DKI5 Kebon Jeruk Jakarta Barat,11
202503,3,20,DKI5 Kebon Jeruk Jakarta Barat,5
202503,3,21,DKI5 Kebon Jeruk Jakarta Barat,6
202503,3,22,DKI5 Kebon Jeruk Jakarta Barat,8
202503,3,23,DKI5 Kebon Jeruk Jakarta Barat,12
202503,3,24,DKI5 Kebon Jeruk Jakarta Barat,7
202503,3,25,DKI5 Kebon Jeruk Jakarta Barat,7
202503,3,26,DKI5 Kebon Jeruk Jakarta Barat,10
202503,3,27,DKI5 Kebon Jeruk Jakarta Barat,12
202503,3,28,DKI5 Kebon Jeruk Jakarta Barat,7
202503,3,29,DKI5 Kebon Jeruk Jakarta Barat,3
202503,3,3,DKI5 Kebon Jeruk Jakarta Barat,7
202503,3,30,DKI5 Kebon Jeruk Jakarta Barat,5
202503,3,31,DKI5 Kebon Jeruk Jakarta Barat,3
202503,3,4,DKI5 Kebon Jeruk Jakarta Barat,6
202503,3,5,DKI5 Kebon Jeruk Jakarta Barat,10
202503,3,6,DKI5 Kebon Jeruk Jakarta Barat,11
202503,3,7,DKI5 Kebon Jeruk Jakarta Barat,2
202503,3,8,DKI5 Kebon Jeruk Jakarta Barat,4
202503,3,9,DKI5 Kebon Jeruk Jakarta Barat,12
202504,4,1,DKI5 Kebon Jeruk Jakarta Barat,5
202504,4,10,DKI5 Kebon Jeruk Jakarta Barat,17
202504,4,11,DKI5 Kebon Jeruk Jakarta Barat,15
202504,4,12,DKI5 Kebon Jeruk Jakarta Barat,19
202504,4,13,DKI5 Kebon Jeruk Jakarta Barat,13
202504,4,14,DKI5 Kebon Jeruk Jakarta Barat,5
202504,4,15,DKI5 Kebon Jeruk Jakarta Barat,8
202504,4,16,DKI5 Kebon Jeruk Jakarta Barat,15
202504,4,17,DKI5 Kebon Jeruk Jakarta Barat,11
202504,4,18,DKI5 Kebon Jeruk Jakarta Barat,10
202504,4,19,DKI5 Kebon Jeruk Jakarta Barat,11
202504,4,2,DKI5 Kebon Jeruk Jakarta Barat,6
202504,4,20,DKI5 Kebon Jeruk Jakarta Barat,6
202504,4,21,DKI5 Kebon Jeruk Jakarta Barat,6
202504,4,22,DKI5 Kebon Jeruk Jakarta Barat,9
202504,4,23,DKI5 Kebon Jeruk Jakarta Barat,12
202504,4,24,DKI5 Kebon Jeruk Jakarta Barat,3
202504,4,25,DKI5 Kebon Jeruk Jakarta Barat,9
202504,4,26,DKI5 Kebon Jeruk Jakarta Barat,11
202504,4,27,DKI5 Kebon Jeruk Jakarta Barat,12
202504,4,28,DKI5 Kebon Jeruk Jakarta Barat,9
202504,4,29,DKI5 Kebon Jeruk Jakarta Barat,9
202504,4,3,DKI5 Kebon Jeruk Jakarta Barat,9
202504,4,30,DKI5 Kebon Jeruk Jakarta Barat,8
202504,4,4,DKI5 Kebon Jeruk Jakarta Barat,8
202504,4,5,DKI5 Kebon Jeruk Jakarta Barat,12
202504,4,6,DKI5 Kebon Jeruk Jakarta Barat,20
202504,4,7,DKI5 Kebon Jeruk Jakarta Barat,13
202504,4,8,DKI5 Kebon Jeruk Jakarta Barat,13
202504,4,9,DKI5 Kebon Jeruk Jakarta Barat,8
202505,5,1,DKI5 Kebon Jeruk Jakarta Barat,9
202505,5,10,DKI5 Kebon Jeruk Jakarta Barat,N/A
202505,5,11,DKI5 Kebon Jeruk Jakarta Barat,21
202505,5,12,DKI5 Kebon Jeruk Jakarta Barat,11
202505,5,13,DKI5 Kebon Jeruk Jakarta Barat,5
202505,5,14,DKI5 Kebon Jeruk Jakarta Barat,12
202505,5,15,DKI5 Kebon Jeruk Jakarta Barat,12
202505,5,16,DKI5 Kebon Jeruk Jakarta Barat,13
202505,5,17,DKI5 Kebon Jeruk Jakarta Barat,11
202505,5,18,DKI5 Kebon Jeruk Jakarta Barat,22
202505,5,19,DKI5 Kebon Jeruk Jakarta Barat,9
202505,5,2,DKI5 Kebon Jeruk Jakarta Barat,9
202505,5,20,DKI5 Kebon Jeruk Jakarta Barat,18
202505,5,21,DKI5 Kebon Jeruk Jakarta Barat,11
202505,5,22,DKI5 Kebon Jeruk Jakarta Barat,13
202505,5,23,DKI5 Kebon Jeruk Jakarta Barat,9
202505,5,24,DKI5 Kebon Jeruk Jakarta Barat,9
202505,5,25,DKI5 Kebon Jeruk Jakarta Barat,15
202505,5,26,DKI5 Kebon Jeruk Jakarta Barat,18
202505,5,27,DKI5 Kebon Jeruk Jakarta Barat,5
202505,5,28,DKI5 Kebon Jeruk Jakarta Barat,12
202505,5,29,DKI5 Kebon Jeruk Jakarta Barat,10
202505,5,3,DKI5 Kebon Jeruk Jakarta Barat,11
202505,5,30,DKI5 Kebon Jeruk Jakarta Barat,9
202505,5,31,DKI5 Kebon Jeruk Jakarta Barat,13
202505,5,4,DKI5 Kebon Jeruk Jakarta Barat,14
202505,5,5,DKI5 Kebon Jeruk Jakarta Barat,19
202505,5,6,DKI5 Kebon Jeruk Jakarta Barat,13
202505,5,7,DKI5 Kebon Jeruk Jakarta Barat,15
202505,5,8,DKI5 Kebon Jeruk Jakarta Barat,26
202505,5,9,DKI5 Kebon Jeruk Jakarta Barat,10
202506,6,1,DKI5 Kebon Jeruk Jakarta Barat,11
202506,6,10,DKI5 Kebon Jeruk Jakarta Barat,9
202506,6,11,DKI5 Kebon Jeruk Jakarta Barat,13
202506,6,12,DKI5 Kebon Jeruk Jakarta Barat,11
202506,6,13,DKI5 Kebon Jeruk Jakarta Barat,9
202506,6,14,DKI5 Kebon Jeruk Jakarta Barat,10
202506,6,15,DKI5 Kebon Jeruk Jakarta Barat,14
202506,6,16,DKI5 Kebon Jeruk Jakarta Barat,8
202506,6,17,DKI5 Kebon Jeruk Jakarta Barat,7
202506,6,18,DKI5 Kebon Jeruk Jakarta Barat,9
202506,6,19,DKI5 Kebon Jeruk Jakarta Barat,24
202506,6,2,DKI5 Kebon Jeruk Jakarta Barat,13
202506,6,20,DKI5 Kebon Jeruk Jakarta Barat,24
202506,6,21,DKI5 Kebon Jeruk Jakarta Barat,7
202506,6,22,DKI5 Kebon Jeruk Jakarta Barat,22
202506,6,23,DKI5 Kebon Jeruk Jakarta Barat,7
202506,6,24,DKI5 Kebon Jeruk Jakarta Barat,11
202506,6,25,DKI5 Kebon Jeruk Jakarta Barat,16
202506,6,26,DKI5 Kebon Jeruk Jakarta Barat,17
202506,6,27,DKI5 Kebon Jeruk Jakarta Barat,10
202506,6,28,DKI5 Kebon Jeruk Jakarta Barat,12
202506,6,29,DKI5 Kebon Jeruk Jakarta Barat,17
202506,6,3,DKI5 Kebon Jeruk Jakarta Barat,11
202506,6,30,DKI5 Kebon Jeruk Jakarta Barat,19
202506,6,4,DKI5 Kebon Jeruk Jakarta Barat,16
202506,6,5,DKI5 Kebon Jeruk Jakarta Barat,14
202506,6,6,DKI5 Kebon Jeruk Jakarta Barat,12
202506,6,7,DKI5 Kebon Jeruk Jakarta Barat,17
202506,6,8,DKI5 Kebon Jeruk Jakarta Barat,14
202506,6,9,DKI5 Kebon Jeruk Jakarta Barat,11